[
    {
        "Unnamed: 0":"\u0421\u0440\u0435\u0434\u043d\u044f\u044f \u043d\u0430\u0447\u0438\u0441\u043b\u0435\u043d\u043d\u0430\u044f \u0437\u0430\u0440\u0430\u0431\u043e\u0442\u043d\u0430\u044f \u043f\u043b\u0430\u0442\u0430 \u0440\u0430\u0431\u043e\u0442\u043d\u0438\u043a\u043e\u0432* \u043f\u043e \u0432\u043e\u0437\u0440\u0430\u0441\u0442\u043d\u044b\u043c \u0433\u0440\u0443\u043f\u043f\u0430\u043c",
        "Unnamed: 1":null,
        "Unnamed: 2":null,
        "Unnamed: 3":null,
        "Unnamed: 4":null,
        "Unnamed: 5":null,
        "Unnamed: 6":null,
        "Unnamed: 7":null,
        "Unnamed: 8":null,
        "Unnamed: 9":null,
        "Unnamed: 10":null
    },
    {
        "Unnamed: 0":"(\u043f\u043e \u0440\u0435\u0437\u0443\u043b\u044c\u0442\u0430\u0442\u0430\u043c \u0432\u044b\u0431\u043e\u0440\u043e\u0447\u043d\u044b\u0445 \u043e\u0431\u0441\u043b\u0435\u0434\u043e\u0432\u0430\u043d\u0438\u0439 \u043e\u0440\u0433\u0430\u043d\u0438\u0437\u0430\u0446\u0438\u0439 \u0437\u0430 \u043e\u043a\u0442\u044f\u0431\u0440\u044c; \u0440\u0443\u0431\u043b\u0435\u0439)",
        "Unnamed: 1":null,
        "Unnamed: 2":null,
        "Unnamed: 3":null,
        "Unnamed: 4":null,
        "Unnamed: 5":null,
        "Unnamed: 6":null,
        "Unnamed: 7":null,
        "Unnamed: 8":null,
        "Unnamed: 9":null,
        "Unnamed: 10":null
    },
    {
        "Unnamed: 0":null,
        "Unnamed: 1":2005.0,
        "Unnamed: 2":2007.0,
        "Unnamed: 3":2009.0,
        "Unnamed: 4":2011.0,
        "Unnamed: 5":2013.0,
        "Unnamed: 6":2015.0,
        "Unnamed: 7":2017.0,
        "Unnamed: 8":2019.0,
        "Unnamed: 9":2021.0,
        "Unnamed: 10":2023.0
    },
    {
        "Unnamed: 0":"\u0412\u0441\u0435 \u0440\u0430\u0431\u043e\u0442\u043d\u0438\u043a\u0438",
        "Unnamed: 1":8694.43,
        "Unnamed: 2":13570.0,
        "Unnamed: 3":18084.0,
        "Unnamed: 4":22717.0,
        "Unnamed: 5":28702.0,
        "Unnamed: 6":32911.0,
        "Unnamed: 7":38609.0,
        "Unnamed: 8":44729.0,
        "Unnamed: 9":57240.0,
        "Unnamed: 10":73664.0
    },
    {
        "Unnamed: 0":"\u0432 \u0442\u043e\u043c \u0447\u0438\u0441\u043b\u0435 \u043f\u043e \u0432\u043e\u0437\u0440\u0430\u0441\u0442\u043d\u044b\u043c\n\u0433\u0440\u0443\u043f\u043f\u0430\u043c:\n   \u043e\u0442 18 \u0434\u043e 19 \u043b\u0435\u0442",
        "Unnamed: 1":4823.26,
        "Unnamed: 2":8562.0,
        "Unnamed: 3":10832.0,
        "Unnamed: 4":13857.0,
        "Unnamed: 5":17314.0,
        "Unnamed: 6":20280.0,
        "Unnamed: 7":23328.0,
        "Unnamed: 8":28914.0,
        "Unnamed: 9":38418.0,
        "Unnamed: 10":51482.0
    },
    {
        "Unnamed: 0":"\u043e\u0442 20 \u0434\u043e 24 \u043b\u0435\u0442",
        "Unnamed: 1":7212.21,
        "Unnamed: 2":11937.0,
        "Unnamed: 3":15693.0,
        "Unnamed: 4":19750.0,
        "Unnamed: 5":25131.0,
        "Unnamed: 6":28477.0,
        "Unnamed: 7":32259.0,
        "Unnamed: 8":38158.0,
        "Unnamed: 9":48559.0,
        "Unnamed: 10":63992.0
    },
    {
        "Unnamed: 0":"\u043e\u0442 25 \u0434\u043e 29 \u043b\u0435\u0442",
        "Unnamed: 1":8962.99,
        "Unnamed: 2":14385.0,
        "Unnamed: 3":19112.0,
        "Unnamed: 4":24225.0,
        "Unnamed: 5":30431.0,
        "Unnamed: 6":34449.0,
        "Unnamed: 7":40828.0,
        "Unnamed: 8":46886.0,
        "Unnamed: 9":63135.0,
        "Unnamed: 10":81936.0
    },
    {
        "Unnamed: 0":"\u043e\u0442 30 \u0434\u043e 34 \u043b\u0435\u0442",
        "Unnamed: 1":9107.13,
        "Unnamed: 2":14625.0,
        "Unnamed: 3":20122.0,
        "Unnamed: 4":25478.0,
        "Unnamed: 5":32376.0,
        "Unnamed: 6":36715.0,
        "Unnamed: 7":43653.0,
        "Unnamed: 8":50037.0,
        "Unnamed: 9":66091.0,
        "Unnamed: 10":85931.0
    },
    {
        "Unnamed: 0":"\u043e\u0442 35 \u0434\u043e 39 \u043b\u0435\u0442",
        "Unnamed: 1":8910.06,
        "Unnamed: 2":14248.0,
        "Unnamed: 3":19295.0,
        "Unnamed: 4":24597.0,
        "Unnamed: 5":31612.0,
        "Unnamed: 6":36679.0,
        "Unnamed: 7":43420.0,
        "Unnamed: 8":49947.0,
        "Unnamed: 9":64987.0,
        "Unnamed: 10":84158.0
    },
    {
        "Unnamed: 0":"\u043e\u0442 40 \u0434\u043e 44 \u043b\u0435\u0442",
        "Unnamed: 1":9106.74,
        "Unnamed: 2":13851.0,
        "Unnamed: 3":18394.0,
        "Unnamed: 4":23718.0,
        "Unnamed: 5":30450.0,
        "Unnamed: 6":34483.0,
        "Unnamed: 7":41312.0,
        "Unnamed: 8":48318.0,
        "Unnamed: 9":62257.0,
        "Unnamed: 10":81151.0
    },
    {
        "Unnamed: 0":"\u043e\u0442 45 \u0434\u043e 49 \u043b\u0435\u0442",
        "Unnamed: 1":8933.97,
        "Unnamed: 2":13841.0,
        "Unnamed: 3":18313.0,
        "Unnamed: 4":22711.0,
        "Unnamed: 5":28654.0,
        "Unnamed: 6":32999.0,
        "Unnamed: 7":38962.0,
        "Unnamed: 8":45090.0,
        "Unnamed: 9":58996.0,
        "Unnamed: 10":75640.0
    },
    {
        "Unnamed: 0":"\u043e\u0442 50 \u0434\u043e 54 \u043b\u0435\u0442",
        "Unnamed: 1":8794.42,
        "Unnamed: 2":13446.0,
        "Unnamed: 3":17698.0,
        "Unnamed: 4":21821.0,
        "Unnamed: 5":27106.0,
        "Unnamed: 6":31310.0,
        "Unnamed: 7":36328.0,
        "Unnamed: 8":41740.0,
        "Unnamed: 9":53168.0,
        "Unnamed: 10":69089.0
    },
    {
        "Unnamed: 0":"\u043e\u0442 55 \u0434\u043e 59 \u043b\u0435\u0442 ",
        "Unnamed: 1":8676.58,
        "Unnamed: 2":13073.0,
        "Unnamed: 3":17137.0,
        "Unnamed: 4":21246.0,
        "Unnamed: 5":26324.0,
        "Unnamed: 6":29783.0,
        "Unnamed: 7":34315.0,
        "Unnamed: 8":39604.0,
        "Unnamed: 9":48413.0,
        "Unnamed: 10":62401.0
    },
    {
        "Unnamed: 0":"\u043e\u0442 60 \u0434\u043e 64 \u043b\u0435\u0442",
        "Unnamed: 1":8075.88,
        "Unnamed: 2":12847.0,
        "Unnamed: 3":16665.0,
        "Unnamed: 4":20067.0,
        "Unnamed: 5":24956.0,
        "Unnamed: 6":28261.0,
        "Unnamed: 7":31949.0,
        "Unnamed: 8":37905.0,
        "Unnamed: 9":45259.0,
        "Unnamed: 10":57730.0
    },
    {
        "Unnamed: 0":"65 \u043b\u0435\u0442 \u0438 \u0441\u0442\u0430\u0440\u0448\u0435",
        "Unnamed: 1":7276.65,
        "Unnamed: 2":11315.0,
        "Unnamed: 3":15687.0,
        "Unnamed: 4":19963.0,
        "Unnamed: 5":25325.0,
        "Unnamed: 6":29916.0,
        "Unnamed: 7":32199.0,
        "Unnamed: 8":38437.0,
        "Unnamed: 9":44944.0,
        "Unnamed: 10":56555.0
    },
    {
        "Unnamed: 0":"* \u041f\u043e \u043e\u0431\u0441\u043b\u0435\u0434\u043e\u0432\u0430\u043d\u043d\u044b\u043c \u0432\u0438\u0434\u0430\u043c \u044d\u043a\u043e\u043d\u043e\u043c\u0438\u0447\u0435\u0441\u043a\u043e\u0439 \u0434\u0435\u044f\u0442\u0435\u043b\u044c\u043d\u043e\u0441\u0442\u0438",
        "Unnamed: 1":null,
        "Unnamed: 2":null,
        "Unnamed: 3":null,
        "Unnamed: 4":null,
        "Unnamed: 5":null,
        "Unnamed: 6":null,
        "Unnamed: 7":null,
        "Unnamed: 8":null,
        "Unnamed: 9":null,
        "Unnamed: 10":null
    }
]