<?xml version='1.1' encoding='UTF-8'?>
<root>
  <object>
    <Nameagency>Росгидромет</Nameagency>
    <Index>24343</Index>
    <Year>2011</Year>
    <Month>1</Month>
    <Time>0</Time>
    <Pres>1111</Pres>
    <Hight>84</Hight>
    <Temp>-341</Temp>
    <DefTR>25</DefTR>
    <Modul>2</Modul>
    <U>0</U>
    <V>0</V>
  </object>
  <object>
    <Nameagency>Росгидромет</Nameagency>
    <Index>24343</Index>
    <Year>2011</Year>
    <Month>1</Month>
    <Time>0</Time>
    <Pres>1000</Pres>
    <Hight>226</Hight>
    <Temp>-326</Temp>
    <DefTR>17</DefTR>
    <Modul>6</Modul>
    <U>1</U>
    <V>0</V>
  </object>
  <object>
    <Nameagency>Росгидромет</Nameagency>
    <Index>24343</Index>
    <Year>2011</Year>
    <Month>1</Month>
    <Time>0</Time>
    <Pres>925</Pres>
    <Hight>770</Hight>
    <Temp>-256</Temp>
    <DefTR>15</DefTR>
    <Modul>8</Modul>
    <U>1</U>
    <V>-2</V>
  </object>
  <object>
    <Nameagency>Росгидромет</Nameagency>
    <Index>24343</Index>
    <Year>2011</Year>
    <Month>1</Month>
    <Time>0</Time>
    <Pres>850</Pres>
    <Hight>1389</Hight>
    <Temp>-212</Temp>
    <DefTR>24</DefTR>
    <Modul>9</Modul>
    <U>2</U>
    <V>-3</V>
  </object>
  <object>
    <Nameagency>Росгидромет</Nameagency>
    <Index>24343</Index>
    <Year>2011</Year>
    <Month>1</Month>
    <Time>0</Time>
    <Pres>700</Pres>
    <Hight>2815</Hight>
    <Temp>-249</Temp>
    <DefTR>42</DefTR>
    <Modul>11</Modul>
    <U>2</U>
    <V>-3</V>
  </object>
  <object>
    <Nameagency>Росгидромет</Nameagency>
    <Index>24343</Index>
    <Year>2011</Year>
    <Month>1</Month>
    <Time>0</Time>
    <Pres>500</Pres>
    <Hight>5194</Hight>
    <Temp>-389</Temp>
    <DefTR>54</DefTR>
    <Modul>14</Modul>
    <U>2</U>
    <V>-3</V>
  </object>
  <object>
    <Nameagency>Росгидромет</Nameagency>
    <Index>24343</Index>
    <Year>2011</Year>
    <Month>1</Month>
    <Time>0</Time>
    <Pres>400</Pres>
    <Hight>6687</Hight>
    <Temp>-494</Temp>
    <DefTR>53</DefTR>
    <Modul>16</Modul>
    <U>2</U>
    <V>-2</V>
  </object>
  <object>
    <Nameagency>Росгидромет</Nameagency>
    <Index>24343</Index>
    <Year>2011</Year>
    <Month>1</Month>
    <Time>0</Time>
    <Pres>300</Pres>
    <Hight>8524</Hight>
    <Temp>-602</Temp>
    <DefTR>52</DefTR>
    <Modul>18</Modul>
    <U>2</U>
    <V>-1</V>
  </object>
  <object>
    <Nameagency>Росгидромет</Nameagency>
    <Index>24343</Index>
    <Year>2011</Year>
    <Month>1</Month>
    <Time>0</Time>
    <Pres>250</Pres>
    <Hight>9652</Hight>
    <Temp>-636</Temp>
    <DefTR>51</DefTR>
    <Modul>17</Modul>
    <U>3</U>
    <V>0</V>
  </object>
  <object>
    <Nameagency>Росгидромет</Nameagency>
    <Index>24343</Index>
    <Year>2011</Year>
    <Month>1</Month>
    <Time>0</Time>
    <Pres>200</Pres>
    <Hight>11013</Hight>
    <Temp>-644</Temp>
    <DefTR>53</DefTR>
    <Modul>14</Modul>
    <U>3</U>
    <V>-1</V>
  </object>
  <object>
    <Nameagency>Росгидромет</Nameagency>
    <Index>24343</Index>
    <Year>2011</Year>
    <Month>1</Month>
    <Time>0</Time>
    <Pres>150</Pres>
    <Hight>12777</Hight>
    <Temp>-652</Temp>
    <DefTR>57</DefTR>
    <Modul>13</Modul>
    <U>4</U>
    <V>0</V>
  </object>
  <object>
    <Nameagency>Росгидромет</Nameagency>
    <Index>24343</Index>
    <Year>2011</Year>
    <Month>1</Month>
    <Time>0</Time>
    <Pres>100</Pres>
    <Hight>15250</Hight>
    <Temp>-679</Temp>
    <DefTR>64</DefTR>
    <Modul>13</Modul>
    <U>5</U>
    <V>3</V>
  </object>
  <object>
    <Nameagency>Росгидромет</Nameagency>
    <Index>24343</Index>
    <Year>2011</Year>
    <Month>1</Month>
    <Time>0</Time>
    <Pres>70</Pres>
    <Hight>17448</Hight>
    <Temp>-676</Temp>
    <DefTR></DefTR>
    <Modul>16</Modul>
    <U>9</U>
    <V>7</V>
  </object>
  <object>
    <Nameagency>Росгидромет</Nameagency>
    <Index>24343</Index>
    <Year>2011</Year>
    <Month>1</Month>
    <Time>12</Time>
    <Pres>1111</Pres>
    <Hight>84</Hight>
    <Temp>-343</Temp>
    <DefTR>24</DefTR>
    <Modul>2</Modul>
    <U>0</U>
    <V>1</V>
  </object>
  <object>
    <Nameagency>Росгидромет</Nameagency>
    <Index>24343</Index>
    <Year>2011</Year>
    <Month>1</Month>
    <Time>12</Time>
    <Pres>1000</Pres>
    <Hight>230</Hight>
    <Temp>-329</Temp>
    <DefTR>20</DefTR>
    <Modul>5</Modul>
    <U>0</U>
    <V>0</V>
  </object>
  <object>
    <Nameagency>Росгидромет</Nameagency>
    <Index>24343</Index>
    <Year>2011</Year>
    <Month>1</Month>
    <Time>12</Time>
    <Pres>925</Pres>
    <Hight>769</Hight>
    <Temp>-254</Temp>
    <DefTR>18</DefTR>
    <Modul>9</Modul>
    <U>1</U>
    <V>-1</V>
  </object>
  <object>
    <Nameagency>Росгидромет</Nameagency>
    <Index>24343</Index>
    <Year>2011</Year>
    <Month>1</Month>
    <Time>12</Time>
    <Pres>850</Pres>
    <Hight>1389</Hight>
    <Temp>-207</Temp>
    <DefTR>33</DefTR>
    <Modul>8</Modul>
    <U>1</U>
    <V>-2</V>
  </object>
  <object>
    <Nameagency>Росгидромет</Nameagency>
    <Index>24343</Index>
    <Year>2011</Year>
    <Month>1</Month>
    <Time>12</Time>
    <Pres>700</Pres>
    <Hight>2814</Hight>
    <Temp>-250</Temp>
    <DefTR>43</DefTR>
    <Modul>10</Modul>
    <U>2</U>
    <V>-4</V>
  </object>
  <object>
    <Nameagency>Росгидромет</Nameagency>
    <Index>24343</Index>
    <Year>2011</Year>
    <Month>1</Month>
    <Time>12</Time>
    <Pres>500</Pres>
    <Hight>5193</Hight>
    <Temp>-388</Temp>
    <DefTR>50</DefTR>
    <Modul>13</Modul>
    <U>3</U>
    <V>-4</V>
  </object>
  <object>
    <Nameagency>Росгидромет</Nameagency>
    <Index>24343</Index>
    <Year>2011</Year>
    <Month>1</Month>
    <Time>12</Time>
    <Pres>400</Pres>
    <Hight>6690</Hight>
    <Temp>-491</Temp>
    <DefTR>52</DefTR>
    <Modul>16</Modul>
    <U>3</U>
    <V>-3</V>
  </object>
  <object>
    <Nameagency>Росгидромет</Nameagency>
    <Index>24343</Index>
    <Year>2011</Year>
    <Month>1</Month>
    <Time>12</Time>
    <Pres>300</Pres>
    <Hight>8527</Hight>
    <Temp>-604</Temp>
    <DefTR>51</DefTR>
    <Modul>18</Modul>
    <U>4</U>
    <V>-1</V>
  </object>
  <object>
    <Nameagency>Росгидромет</Nameagency>
    <Index>24343</Index>
    <Year>2011</Year>
    <Month>1</Month>
    <Time>12</Time>
    <Pres>250</Pres>
    <Hight>9652</Hight>
    <Temp>-642</Temp>
    <DefTR>51</DefTR>
    <Modul>17</Modul>
    <U>5</U>
    <V>-2</V>
  </object>
  <object>
    <Nameagency>Росгидромет</Nameagency>
    <Index>24343</Index>
    <Year>2011</Year>
    <Month>1</Month>
    <Time>12</Time>
    <Pres>200</Pres>
    <Hight>11011</Hight>
    <Temp>-645</Temp>
    <DefTR>52</DefTR>
    <Modul>14</Modul>
    <U>5</U>
    <V>-1</V>
  </object>
  <object>
    <Nameagency>Росгидромет</Nameagency>
    <Index>24343</Index>
    <Year>2011</Year>
    <Month>1</Month>
    <Time>12</Time>
    <Pres>150</Pres>
    <Hight>12774</Hight>
    <Temp>-652</Temp>
    <DefTR>56</DefTR>
    <Modul>13</Modul>
    <U>5</U>
    <V>-1</V>
  </object>
  <object>
    <Nameagency>Росгидромет</Nameagency>
    <Index>24343</Index>
    <Year>2011</Year>
    <Month>1</Month>
    <Time>12</Time>
    <Pres>100</Pres>
    <Hight>15237</Hight>
    <Temp>-687</Temp>
    <DefTR>60</DefTR>
    <Modul>13</Modul>
    <U>8</U>
    <V>2</V>
  </object>
  <object>
    <Nameagency>Росгидромет</Nameagency>
    <Index>24343</Index>
    <Year>2011</Year>
    <Month>1</Month>
    <Time>12</Time>
    <Pres>70</Pres>
    <Hight>17409</Hight>
    <Temp>-684</Temp>
    <DefTR></DefTR>
    <Modul>15</Modul>
    <U>10</U>
    <V>4</V>
  </object>
  <object>
    <Nameagency>Росгидромет</Nameagency>
    <Index>24343</Index>
    <Year>2011</Year>
    <Month>2</Month>
    <Time>0</Time>
    <Pres>1111</Pres>
    <Hight>84</Hight>
    <Temp>-390</Temp>
    <DefTR>26</DefTR>
    <Modul>2</Modul>
    <U>0</U>
    <V>1</V>
  </object>
  <object>
    <Nameagency>Росгидромет</Nameagency>
    <Index>24343</Index>
    <Year>2011</Year>
    <Month>2</Month>
    <Time>0</Time>
    <Pres>1000</Pres>
    <Hight>174</Hight>
    <Temp>-388</Temp>
    <DefTR>25</DefTR>
    <Modul>4</Modul>
    <U>-10</U>
    <V>1</V>
  </object>
  <object>
    <Nameagency>Росгидромет</Nameagency>
    <Index>24343</Index>
    <Year>2011</Year>
    <Month>2</Month>
    <Time>0</Time>
    <Pres>925</Pres>
    <Hight>693</Hight>
    <Temp>-308</Temp>
    <DefTR>18</DefTR>
    <Modul>7</Modul>
    <U>0</U>
    <V>2</V>
  </object>
  <object>
    <Nameagency>Росгидромет</Nameagency>
    <Index>24343</Index>
    <Year>2011</Year>
    <Month>2</Month>
    <Time>0</Time>
    <Pres>850</Pres>
    <Hight>1299</Hight>
    <Temp>-265</Temp>
    <DefTR>14</DefTR>
    <Modul>7</Modul>
    <U>0</U>
    <V>2</V>
  </object>
  <object>
    <Nameagency>Росгидромет</Nameagency>
    <Index>24343</Index>
    <Year>2011</Year>
    <Month>2</Month>
    <Time>0</Time>
    <Pres>700</Pres>
    <Hight>2690</Hight>
    <Temp>-305</Temp>
    <DefTR>28</DefTR>
    <Modul>7</Modul>
    <U>0</U>
    <V>1</V>
  </object>
  <object>
    <Nameagency>Росгидромет</Nameagency>
    <Index>24343</Index>
    <Year>2011</Year>
    <Month>2</Month>
    <Time>0</Time>
    <Pres>500</Pres>
    <Hight>5016</Hight>
    <Temp>-439</Temp>
    <DefTR>47</DefTR>
    <Modul>10</Modul>
    <U>-2</U>
    <V>-2</V>
  </object>
  <object>
    <Nameagency>Росгидромет</Nameagency>
    <Index>24343</Index>
    <Year>2011</Year>
    <Month>2</Month>
    <Time>0</Time>
    <Pres>400</Pres>
    <Hight>6484</Hight>
    <Temp>-525</Temp>
    <DefTR>44</DefTR>
    <Modul>12</Modul>
    <U>-2</U>
    <V>-3</V>
  </object>
  <object>
    <Nameagency>Росгидромет</Nameagency>
    <Index>24343</Index>
    <Year>2011</Year>
    <Month>2</Month>
    <Time>0</Time>
    <Pres>300</Pres>
    <Hight>8308</Hight>
    <Temp>-604</Temp>
    <DefTR>45</DefTR>
    <Modul>12</Modul>
    <U>0</U>
    <V>-3</V>
  </object>
  <object>
    <Nameagency>Росгидромет</Nameagency>
    <Index>24343</Index>
    <Year>2011</Year>
    <Month>2</Month>
    <Time>0</Time>
    <Pres>250</Pres>
    <Hight>9443</Hight>
    <Temp>-616</Temp>
    <DefTR>46</DefTR>
    <Modul>9</Modul>
    <U>1</U>
    <V>-3</V>
  </object>
  <object>
    <Nameagency>Росгидромет</Nameagency>
    <Index>24343</Index>
    <Year>2011</Year>
    <Month>2</Month>
    <Time>0</Time>
    <Pres>200</Pres>
    <Hight>10828</Hight>
    <Temp>-608</Temp>
    <DefTR>51</DefTR>
    <Modul>7</Modul>
    <U>4</U>
    <V>-2</V>
  </object>
  <object>
    <Nameagency>Росгидромет</Nameagency>
    <Index>24343</Index>
    <Year>2011</Year>
    <Month>2</Month>
    <Time>0</Time>
    <Pres>150</Pres>
    <Hight>12623</Hight>
    <Temp>-615</Temp>
    <DefTR>61</DefTR>
    <Modul>10</Modul>
    <U>7</U>
    <V>0</V>
  </object>
  <object>
    <Nameagency>Росгидромет</Nameagency>
    <Index>24343</Index>
    <Year>2011</Year>
    <Month>2</Month>
    <Time>0</Time>
    <Pres>100</Pres>
    <Hight>15135</Hight>
    <Temp>-636</Temp>
    <DefTR>71</DefTR>
    <Modul>16</Modul>
    <U>13</U>
    <V>3</V>
  </object>
  <object>
    <Nameagency>Росгидромет</Nameagency>
    <Index>24343</Index>
    <Year>2011</Year>
    <Month>2</Month>
    <Time>12</Time>
    <Pres>1111</Pres>
    <Hight>84</Hight>
    <Temp>-386</Temp>
    <DefTR>27</DefTR>
    <Modul>2</Modul>
    <U>0</U>
    <V>1</V>
  </object>
  <object>
    <Nameagency>Росгидромет</Nameagency>
    <Index>24343</Index>
    <Year>2011</Year>
    <Month>2</Month>
    <Time>12</Time>
    <Pres>1000</Pres>
    <Hight>177</Hight>
    <Temp>-380</Temp>
    <DefTR>29</DefTR>
    <Modul>3</Modul>
    <U>0</U>
    <V>0</V>
  </object>
  <object>
    <Nameagency>Росгидромет</Nameagency>
    <Index>24343</Index>
    <Year>2011</Year>
    <Month>2</Month>
    <Time>12</Time>
    <Pres>925</Pres>
    <Hight>699</Hight>
    <Temp>-303</Temp>
    <DefTR>24</DefTR>
    <Modul>7</Modul>
    <U>0</U>
    <V>3</V>
  </object>
  <object>
    <Nameagency>Росгидромет</Nameagency>
    <Index>24343</Index>
    <Year>2011</Year>
    <Month>2</Month>
    <Time>12</Time>
    <Pres>850</Pres>
    <Hight>1305</Hight>
    <Temp>-268</Temp>
    <DefTR>24</DefTR>
    <Modul>6</Modul>
    <U>0</U>
    <V>2</V>
  </object>
  <object>
    <Nameagency>Росгидромет</Nameagency>
    <Index>24343</Index>
    <Year>2011</Year>
    <Month>2</Month>
    <Time>12</Time>
    <Pres>700</Pres>
    <Hight>2696</Hight>
    <Temp>-310</Temp>
    <DefTR>31</DefTR>
    <Modul>8</Modul>
    <U>0</U>
    <V>1</V>
  </object>
  <object>
    <Nameagency>Росгидромет</Nameagency>
    <Index>24343</Index>
    <Year>2011</Year>
    <Month>2</Month>
    <Time>12</Time>
    <Pres>500</Pres>
    <Hight>5018</Hight>
    <Temp>-440</Temp>
    <DefTR>41</DefTR>
    <Modul>10</Modul>
    <U>-1</U>
    <V>-1</V>
  </object>
  <object>
    <Nameagency>Росгидромет</Nameagency>
    <Index>24343</Index>
    <Year>2011</Year>
    <Month>2</Month>
    <Time>12</Time>
    <Pres>400</Pres>
    <Hight>6490</Hight>
    <Temp>-526</Temp>
    <DefTR>45</DefTR>
    <Modul>12</Modul>
    <U>-1</U>
    <V>-1</V>
  </object>
  <object>
    <Nameagency>Росгидромет</Nameagency>
    <Index>24343</Index>
    <Year>2011</Year>
    <Month>2</Month>
    <Time>12</Time>
    <Pres>300</Pres>
    <Hight>8313</Hight>
    <Temp>-602</Temp>
    <DefTR>46</DefTR>
    <Modul>11</Modul>
    <U>-2</U>
    <V>-2</V>
  </object>
  <object>
    <Nameagency>Росгидромет</Nameagency>
    <Index>24343</Index>
    <Year>2011</Year>
    <Month>2</Month>
    <Time>12</Time>
    <Pres>250</Pres>
    <Hight>9446</Hight>
    <Temp>-613</Temp>
    <DefTR>48</DefTR>
    <Modul>9</Modul>
    <U>3</U>
    <V>-2</V>
  </object>
  <object>
    <Nameagency>Росгидромет</Nameagency>
    <Index>24343</Index>
    <Year>2011</Year>
    <Month>2</Month>
    <Time>12</Time>
    <Pres>200</Pres>
    <Hight>10831</Hight>
    <Temp>-605</Temp>
    <DefTR>51</DefTR>
    <Modul>8</Modul>
    <U>5</U>
    <V>-1</V>
  </object>
  <object>
    <Nameagency>Росгидромет</Nameagency>
    <Index>24343</Index>
    <Year>2011</Year>
    <Month>2</Month>
    <Time>12</Time>
    <Pres>150</Pres>
    <Hight>12618</Hight>
    <Temp>-619</Temp>
    <DefTR>57</DefTR>
    <Modul>10</Modul>
    <U>7</U>
    <V>0</V>
  </object>
  <object>
    <Nameagency>Росгидромет</Nameagency>
    <Index>24343</Index>
    <Year>2011</Year>
    <Month>2</Month>
    <Time>12</Time>
    <Pres>100</Pres>
    <Hight>15113</Hight>
    <Temp>-645</Temp>
    <DefTR>65</DefTR>
    <Modul>15</Modul>
    <U>12</U>
    <V>1</V>
  </object>
  <object>
    <Nameagency>Росгидромет</Nameagency>
    <Index>24343</Index>
    <Year>2011</Year>
    <Month>2</Month>
    <Time>12</Time>
    <Pres>70</Pres>
    <Hight>17289</Hight>
    <Temp>-657</Temp>
    <DefTR></DefTR>
    <Modul>22</Modul>
    <U>19</U>
    <V>5</V>
  </object>
  <object>
    <Nameagency>Росгидромет</Nameagency>
    <Index>24343</Index>
    <Year>2011</Year>
    <Month>3</Month>
    <Time>0</Time>
    <Pres>1111</Pres>
    <Hight>83</Hight>
    <Temp>-212</Temp>
    <DefTR>23</DefTR>
    <Modul>3</Modul>
    <U>0</U>
    <V>1</V>
  </object>
  <object>
    <Nameagency>Росгидромет</Nameagency>
    <Index>24343</Index>
    <Year>2011</Year>
    <Month>3</Month>
    <Time>0</Time>
    <Pres>1000</Pres>
    <Hight>123</Hight>
    <Temp>-232</Temp>
    <DefTR>20</DefTR>
    <Modul>3</Modul>
    <U>0</U>
    <V>0</V>
  </object>
  <object>
    <Nameagency>Росгидромет</Nameagency>
    <Index>24343</Index>
    <Year>2011</Year>
    <Month>3</Month>
    <Time>0</Time>
    <Pres>925</Pres>
    <Hight>672</Hight>
    <Temp>-161</Temp>
    <DefTR>24</DefTR>
    <Modul>8</Modul>
    <U>1</U>
    <V>1</V>
  </object>
  <object>
    <Nameagency>Росгидромет</Nameagency>
    <Index>24343</Index>
    <Year>2011</Year>
    <Month>3</Month>
    <Time>0</Time>
    <Pres>850</Pres>
    <Hight>1307</Hight>
    <Temp>-173</Temp>
    <DefTR>32</DefTR>
    <Modul>8</Modul>
    <U>2</U>
    <V>1</V>
  </object>
  <object>
    <Nameagency>Росгидромет</Nameagency>
    <Index>24343</Index>
    <Year>2011</Year>
    <Month>3</Month>
    <Time>0</Time>
    <Pres>700</Pres>
    <Hight>2746</Hight>
    <Temp>-231</Temp>
    <DefTR>49</DefTR>
    <Modul>8</Modul>
    <U>2</U>
    <V>0</V>
  </object>
  <object>
    <Nameagency>Росгидромет</Nameagency>
    <Index>24343</Index>
    <Year>2011</Year>
    <Month>3</Month>
    <Time>0</Time>
    <Pres>500</Pres>
    <Hight>5139</Hight>
    <Temp>-380</Temp>
    <DefTR>56</DefTR>
    <Modul>12</Modul>
    <U>3</U>
    <V>1</V>
  </object>
  <object>
    <Nameagency>Росгидромет</Nameagency>
    <Index>24343</Index>
    <Year>2011</Year>
    <Month>3</Month>
    <Time>0</Time>
    <Pres>400</Pres>
    <Hight>6633</Hight>
    <Temp>-476</Temp>
    <DefTR>57</DefTR>
    <Modul>13</Modul>
    <U>3</U>
    <V>1</V>
  </object>
  <object>
    <Nameagency>Росгидромет</Nameagency>
    <Index>24343</Index>
    <Year>2011</Year>
    <Month>3</Month>
    <Time>0</Time>
    <Pres>300</Pres>
    <Hight>8487</Hight>
    <Temp>-570</Temp>
    <DefTR>61</DefTR>
    <Modul>13</Modul>
    <U>4</U>
    <V>3</V>
  </object>
  <object>
    <Nameagency>Росгидромет</Nameagency>
    <Index>24343</Index>
    <Year>2011</Year>
    <Month>3</Month>
    <Time>0</Time>
    <Pres>250</Pres>
    <Hight>9633</Hight>
    <Temp>-587</Temp>
    <DefTR>65</DefTR>
    <Modul>13</Modul>
    <U>5</U>
    <V>2</V>
  </object>
  <object>
    <Nameagency>Росгидромет</Nameagency>
    <Index>24343</Index>
    <Year>2011</Year>
    <Month>3</Month>
    <Time>0</Time>
    <Pres>200</Pres>
    <Hight>11031</Hight>
    <Temp>-578</Temp>
    <DefTR>75</DefTR>
    <Modul>13</Modul>
    <U>6</U>
    <V>1</V>
  </object>
  <object>
    <Nameagency>Росгидромет</Nameagency>
    <Index>24343</Index>
    <Year>2011</Year>
    <Month>3</Month>
    <Time>0</Time>
    <Pres>150</Pres>
    <Hight>12852</Hight>
    <Temp>-577</Temp>
    <DefTR>90</DefTR>
    <Modul>14</Modul>
    <U>9</U>
    <V>3</V>
  </object>
  <object>
    <Nameagency>Росгидромет</Nameagency>
    <Index>24343</Index>
    <Year>2011</Year>
    <Month>3</Month>
    <Time>0</Time>
    <Pres>100</Pres>
    <Hight>15395</Hight>
    <Temp>-596</Temp>
    <DefTR>108</DefTR>
    <Modul>18</Modul>
    <U>13</U>
    <V>3</V>
  </object>
  <object>
    <Nameagency>Росгидромет</Nameagency>
    <Index>24343</Index>
    <Year>2011</Year>
    <Month>3</Month>
    <Time>0</Time>
    <Pres>70</Pres>
    <Hight>17615</Hight>
    <Temp>-609</Temp>
    <DefTR></DefTR>
    <Modul>23</Modul>
    <U>17</U>
    <V>5</V>
  </object>
  <object>
    <Nameagency>Росгидромет</Nameagency>
    <Index>24343</Index>
    <Year>2011</Year>
    <Month>3</Month>
    <Time>0</Time>
    <Pres>50</Pres>
    <Hight>19695</Hight>
    <Temp>-617</Temp>
    <DefTR></DefTR>
    <Modul>28</Modul>
    <U>21</U>
    <V>6</V>
  </object>
  <object>
    <Nameagency>Росгидромет</Nameagency>
    <Index>24343</Index>
    <Year>2011</Year>
    <Month>3</Month>
    <Time>0</Time>
    <Pres>30</Pres>
    <Hight>22947</Hight>
    <Temp>-594</Temp>
    <DefTR></DefTR>
    <Modul>36</Modul>
    <U>29</U>
    <V>7</V>
  </object>
  <object>
    <Nameagency>Росгидромет</Nameagency>
    <Index>24343</Index>
    <Year>2011</Year>
    <Month>3</Month>
    <Time>0</Time>
    <Pres>20</Pres>
    <Hight>25533</Hight>
    <Temp>-570</Temp>
    <DefTR></DefTR>
    <Modul>38</Modul>
    <U>30</U>
    <V>7</V>
  </object>
  <object>
    <Nameagency>Росгидромет</Nameagency>
    <Index>24343</Index>
    <Year>2011</Year>
    <Month>3</Month>
    <Time>12</Time>
    <Pres>1111</Pres>
    <Hight>84</Hight>
    <Temp>-174</Temp>
    <DefTR>38</DefTR>
    <Modul>3</Modul>
    <U>0</U>
    <V>1</V>
  </object>
  <object>
    <Nameagency>Росгидромет</Nameagency>
    <Index>24343</Index>
    <Year>2011</Year>
    <Month>3</Month>
    <Time>12</Time>
    <Pres>925</Pres>
    <Hight>683</Hight>
    <Temp>-141</Temp>
    <DefTR>40</DefTR>
    <Modul>8</Modul>
    <U>2</U>
    <V>1</V>
  </object>
  <object>
    <Nameagency>Росгидромет</Nameagency>
    <Index>24343</Index>
    <Year>2011</Year>
    <Month>3</Month>
    <Time>12</Time>
    <Pres>850</Pres>
    <Hight>1323</Hight>
    <Temp>-154</Temp>
    <DefTR>44</DefTR>
    <Modul>8</Modul>
    <U>2</U>
    <V>0</V>
  </object>
  <object>
    <Nameagency>Росгидромет</Nameagency>
    <Index>24343</Index>
    <Year>2011</Year>
    <Month>3</Month>
    <Time>12</Time>
    <Pres>700</Pres>
    <Hight>2776</Hight>
    <Temp>-219</Temp>
    <DefTR>58</DefTR>
    <Modul>8</Modul>
    <U>3</U>
    <V>-1</V>
  </object>
  <object>
    <Nameagency>Росгидромет</Nameagency>
    <Index>24343</Index>
    <Year>2011</Year>
    <Month>3</Month>
    <Time>12</Time>
    <Pres>500</Pres>
    <Hight>5167</Hight>
    <Temp>-372</Temp>
    <DefTR>54</DefTR>
    <Modul>12</Modul>
    <U>3</U>
    <V>-1</V>
  </object>
  <object>
    <Nameagency>Росгидромет</Nameagency>
    <Index>24343</Index>
    <Year>2011</Year>
    <Month>3</Month>
    <Time>12</Time>
    <Pres>400</Pres>
    <Hight>6673</Hight>
    <Temp>-474</Temp>
    <DefTR>49</DefTR>
    <Modul>15</Modul>
    <U>4</U>
    <V>0</V>
  </object>
  <object>
    <Nameagency>Росгидромет</Nameagency>
    <Index>24343</Index>
    <Year>2011</Year>
    <Month>3</Month>
    <Time>12</Time>
    <Pres>300</Pres>
    <Hight>8530</Hight>
    <Temp>-574</Temp>
    <DefTR>48</DefTR>
    <Modul>15</Modul>
    <U>5</U>
    <V>0</V>
  </object>
  <object>
    <Nameagency>Росгидромет</Nameagency>
    <Index>24343</Index>
    <Year>2011</Year>
    <Month>3</Month>
    <Time>12</Time>
    <Pres>250</Pres>
    <Hight>9674</Hight>
    <Temp>-596</Temp>
    <DefTR>53</DefTR>
    <Modul>16</Modul>
    <U>6</U>
    <V>-1</V>
  </object>
  <object>
    <Nameagency>Росгидромет</Nameagency>
    <Index>24343</Index>
    <Year>2011</Year>
    <Month>3</Month>
    <Time>12</Time>
    <Pres>200</Pres>
    <Hight>11065</Hight>
    <Temp>-591</Temp>
    <DefTR>60</DefTR>
    <Modul>15</Modul>
    <U>9</U>
    <V>0</V>
  </object>
  <object>
    <Nameagency>Росгидромет</Nameagency>
    <Index>24343</Index>
    <Year>2011</Year>
    <Month>3</Month>
    <Time>12</Time>
    <Pres>150</Pres>
    <Hight>12864</Hight>
    <Temp>-591</Temp>
    <DefTR>67</DefTR>
    <Modul>16</Modul>
    <U>10</U>
    <V>0</V>
  </object>
  <object>
    <Nameagency>Росгидромет</Nameagency>
    <Index>24343</Index>
    <Year>2011</Year>
    <Month>3</Month>
    <Time>12</Time>
    <Pres>100</Pres>
    <Hight>15397</Hight>
    <Temp>-607</Temp>
    <DefTR>77</DefTR>
    <Modul>20</Modul>
    <U>14</U>
    <V>2</V>
  </object>
  <object>
    <Nameagency>Росгидромет</Nameagency>
    <Index>24343</Index>
    <Year>2011</Year>
    <Month>3</Month>
    <Time>12</Time>
    <Pres>70</Pres>
    <Hight>17617</Hight>
    <Temp>-610</Temp>
    <DefTR></DefTR>
    <Modul>26</Modul>
    <U>19</U>
    <V>3</V>
  </object>
  <object>
    <Nameagency>Росгидромет</Nameagency>
    <Index>24343</Index>
    <Year>2011</Year>
    <Month>3</Month>
    <Time>12</Time>
    <Pres>50</Pres>
    <Hight>19686</Hight>
    <Temp>-618</Temp>
    <DefTR></DefTR>
    <Modul>31</Modul>
    <U>23</U>
    <V>4</V>
  </object>
  <object>
    <Nameagency>Росгидромет</Nameagency>
    <Index>24343</Index>
    <Year>2011</Year>
    <Month>4</Month>
    <Time>0</Time>
    <Pres>1111</Pres>
    <Hight>84</Hight>
    <Temp>-57</Temp>
    <DefTR>46</DefTR>
    <Modul>3</Modul>
    <U>-1</U>
    <V>1</V>
  </object>
  <object>
    <Nameagency>Росгидромет</Nameagency>
    <Index>24343</Index>
    <Year>2011</Year>
    <Month>4</Month>
    <Time>0</Time>
    <Pres>925</Pres>
    <Hight>706</Hight>
    <Temp>-66</Temp>
    <DefTR>67</DefTR>
    <Modul>8</Modul>
    <U>0</U>
    <V>4</V>
  </object>
  <object>
    <Nameagency>Росгидромет</Nameagency>
    <Index>24343</Index>
    <Year>2011</Year>
    <Month>4</Month>
    <Time>0</Time>
    <Pres>850</Pres>
    <Hight>1361</Hight>
    <Temp>-102</Temp>
    <DefTR>54</DefTR>
    <Modul>8</Modul>
    <U>0</U>
    <V>4</V>
  </object>
  <object>
    <Nameagency>Росгидромет</Nameagency>
    <Index>24343</Index>
    <Year>2011</Year>
    <Month>4</Month>
    <Time>0</Time>
    <Pres>700</Pres>
    <Hight>2837</Hight>
    <Temp>-181</Temp>
    <DefTR>56</DefTR>
    <Modul>8</Modul>
    <U>2</U>
    <V>3</V>
  </object>
  <object>
    <Nameagency>Росгидромет</Nameagency>
    <Index>24343</Index>
    <Year>2011</Year>
    <Month>4</Month>
    <Time>0</Time>
    <Pres>500</Pres>
    <Hight>5270</Hight>
    <Temp>-338</Temp>
    <DefTR>62</DefTR>
    <Modul>11</Modul>
    <U>3</U>
    <V>3</V>
  </object>
  <object>
    <Nameagency>Росгидромет</Nameagency>
    <Index>24343</Index>
    <Year>2011</Year>
    <Month>4</Month>
    <Time>0</Time>
    <Pres>400</Pres>
    <Hight>6813</Hight>
    <Temp>-434</Temp>
    <DefTR>59</DefTR>
    <Modul>14</Modul>
    <U>4</U>
    <V>3</V>
  </object>
  <object>
    <Nameagency>Росгидромет</Nameagency>
    <Index>24343</Index>
    <Year>2011</Year>
    <Month>4</Month>
    <Time>0</Time>
    <Pres>300</Pres>
    <Hight>8695</Hight>
    <Temp>-547</Temp>
    <DefTR>60</DefTR>
    <Modul>15</Modul>
    <U>4</U>
    <V>1</V>
  </object>
  <object>
    <Nameagency>Росгидромет</Nameagency>
    <Index>24343</Index>
    <Year>2011</Year>
    <Month>4</Month>
    <Time>0</Time>
    <Pres>250</Pres>
    <Hight>9857</Hight>
    <Temp>-579</Temp>
    <DefTR>63</DefTR>
    <Modul>13</Modul>
    <U>3</U>
    <V>1</V>
  </object>
  <object>
    <Nameagency>Росгидромет</Nameagency>
    <Index>24343</Index>
    <Year>2011</Year>
    <Month>4</Month>
    <Time>0</Time>
    <Pres>200</Pres>
    <Hight>11264</Hight>
    <Temp>-573</Temp>
    <DefTR>67</DefTR>
    <Modul>9</Modul>
    <U>3</U>
    <V>0</V>
  </object>
  <object>
    <Nameagency>Росгидромет</Nameagency>
    <Index>24343</Index>
    <Year>2011</Year>
    <Month>4</Month>
    <Time>0</Time>
    <Pres>150</Pres>
    <Hight>13080</Hight>
    <Temp>-578</Temp>
    <DefTR>75</DefTR>
    <Modul>9</Modul>
    <U>2</U>
    <V>2</V>
  </object>
  <object>
    <Nameagency>Росгидромет</Nameagency>
    <Index>24343</Index>
    <Year>2011</Year>
    <Month>4</Month>
    <Time>0</Time>
    <Pres>100</Pres>
    <Hight>15632</Hight>
    <Temp>-580</Temp>
    <DefTR>84</DefTR>
    <Modul>11</Modul>
    <U>2</U>
    <V>4</V>
  </object>
  <object>
    <Nameagency>Росгидромет</Nameagency>
    <Index>24343</Index>
    <Year>2011</Year>
    <Month>4</Month>
    <Time>0</Time>
    <Pres>70</Pres>
    <Hight>17911</Hight>
    <Temp>-566</Temp>
    <DefTR></DefTR>
    <Modul>15</Modul>
    <U>2</U>
    <V>9</V>
  </object>
  <object>
    <Nameagency>Росгидромет</Nameagency>
    <Index>24343</Index>
    <Year>2011</Year>
    <Month>4</Month>
    <Time>0</Time>
    <Pres>50</Pres>
    <Hight>20184</Hight>
    <Temp>-532</Temp>
    <DefTR></DefTR>
    <Modul>23</Modul>
    <U>5</U>
    <V>15</V>
  </object>
  <object>
    <Nameagency>Росгидромет</Nameagency>
    <Index>24343</Index>
    <Year>2011</Year>
    <Month>4</Month>
    <Time>0</Time>
    <Pres>30</Pres>
    <Hight></Hight>
    <Temp></Temp>
    <DefTR></DefTR>
    <Modul>31</Modul>
    <U>7</U>
    <V>20</V>
  </object>
  <object>
    <Nameagency>Росгидромет</Nameagency>
    <Index>24343</Index>
    <Year>2011</Year>
    <Month>4</Month>
    <Time>0</Time>
    <Pres>20</Pres>
    <Hight></Hight>
    <Temp></Temp>
    <DefTR></DefTR>
    <Modul>32</Modul>
    <U>11</U>
    <V>21</V>
  </object>
  <object>
    <Nameagency>Росгидромет</Nameagency>
    <Index>24343</Index>
    <Year>2011</Year>
    <Month>4</Month>
    <Time>12</Time>
    <Pres>1111</Pres>
    <Hight>84</Hight>
    <Temp>-39</Temp>
    <DefTR>67</DefTR>
    <Modul>3</Modul>
    <U>-1</U>
    <V>1</V>
  </object>
  <object>
    <Nameagency>Росгидромет</Nameagency>
    <Index>24343</Index>
    <Year>2011</Year>
    <Month>4</Month>
    <Time>12</Time>
    <Pres>1000</Pres>
    <Hight></Hight>
    <Temp>-20</Temp>
    <DefTR>76</DefTR>
    <Modul></Modul>
    <U></U>
    <V></V>
  </object>
  <object>
    <Nameagency>Росгидромет</Nameagency>
    <Index>24343</Index>
    <Year>2011</Year>
    <Month>4</Month>
    <Time>12</Time>
    <Pres>925</Pres>
    <Hight>721</Hight>
    <Temp>-56</Temp>
    <DefTR>77</DefTR>
    <Modul>9</Modul>
    <U>0</U>
    <V>4</V>
  </object>
  <object>
    <Nameagency>Росгидромет</Nameagency>
    <Index>24343</Index>
    <Year>2011</Year>
    <Month>4</Month>
    <Time>12</Time>
    <Pres>850</Pres>
    <Hight>1378</Hight>
    <Temp>-99</Temp>
    <DefTR>60</DefTR>
    <Modul>7</Modul>
    <U>2</U>
    <V>3</V>
  </object>
  <object>
    <Nameagency>Росгидромет</Nameagency>
    <Index>24343</Index>
    <Year>2011</Year>
    <Month>4</Month>
    <Time>12</Time>
    <Pres>700</Pres>
    <Hight>2849</Hight>
    <Temp>-186</Temp>
    <DefTR>53</DefTR>
    <Modul>8</Modul>
    <U>3</U>
    <V>2</V>
  </object>
  <object>
    <Nameagency>Росгидромет</Nameagency>
    <Index>24343</Index>
    <Year>2011</Year>
    <Month>4</Month>
    <Time>12</Time>
    <Pres>500</Pres>
    <Hight>5278</Hight>
    <Temp>-340</Temp>
    <DefTR>66</DefTR>
    <Modul>12</Modul>
    <U>4</U>
    <V>0</V>
  </object>
  <object>
    <Nameagency>Росгидромет</Nameagency>
    <Index>24343</Index>
    <Year>2011</Year>
    <Month>4</Month>
    <Time>12</Time>
    <Pres>400</Pres>
    <Hight>6812</Hight>
    <Temp>-439</Temp>
    <DefTR>68</DefTR>
    <Modul>15</Modul>
    <U>6</U>
    <V>0</V>
  </object>
  <object>
    <Nameagency>Росгидромет</Nameagency>
    <Index>24343</Index>
    <Year>2011</Year>
    <Month>4</Month>
    <Time>12</Time>
    <Pres>300</Pres>
    <Hight>8704</Hight>
    <Temp>-551</Temp>
    <DefTR>62</DefTR>
    <Modul>16</Modul>
    <U>6</U>
    <V>0</V>
  </object>
  <object>
    <Nameagency>Росгидромет</Nameagency>
    <Index>24343</Index>
    <Year>2011</Year>
    <Month>4</Month>
    <Time>12</Time>
    <Pres>250</Pres>
    <Hight>9858</Hight>
    <Temp>-582</Temp>
    <DefTR>66</DefTR>
    <Modul>14</Modul>
    <U>6</U>
    <V>-1</V>
  </object>
  <object>
    <Nameagency>Росгидромет</Nameagency>
    <Index>24343</Index>
    <Year>2011</Year>
    <Month>4</Month>
    <Time>12</Time>
    <Pres>200</Pres>
    <Hight>11262</Hight>
    <Temp>-577</Temp>
    <DefTR>68</DefTR>
    <Modul>11</Modul>
    <U>5</U>
    <V>-1</V>
  </object>
  <object>
    <Nameagency>Росгидромет</Nameagency>
    <Index>24343</Index>
    <Year>2011</Year>
    <Month>4</Month>
    <Time>12</Time>
    <Pres>150</Pres>
    <Hight>13073</Hight>
    <Temp>-584</Temp>
    <DefTR>74</DefTR>
    <Modul>10</Modul>
    <U>3</U>
    <V>1</V>
  </object>
  <object>
    <Nameagency>Росгидромет</Nameagency>
    <Index>24343</Index>
    <Year>2011</Year>
    <Month>4</Month>
    <Time>12</Time>
    <Pres>100</Pres>
    <Hight>15622</Hight>
    <Temp>-584</Temp>
    <DefTR>81</DefTR>
    <Modul>11</Modul>
    <U>2</U>
    <V>3</V>
  </object>
  <object>
    <Nameagency>Росгидромет</Nameagency>
    <Index>24343</Index>
    <Year>2011</Year>
    <Month>4</Month>
    <Time>12</Time>
    <Pres>70</Pres>
    <Hight>17895</Hight>
    <Temp>-568</Temp>
    <DefTR></DefTR>
    <Modul>16</Modul>
    <U>1</U>
    <V>9</V>
  </object>
  <object>
    <Nameagency>Росгидромет</Nameagency>
    <Index>24343</Index>
    <Year>2011</Year>
    <Month>4</Month>
    <Time>12</Time>
    <Pres>50</Pres>
    <Hight>20139</Hight>
    <Temp>-529</Temp>
    <DefTR></DefTR>
    <Modul>23</Modul>
    <U>-2</U>
    <V>15</V>
  </object>
  <object>
    <Nameagency>Росгидромет</Nameagency>
    <Index>24343</Index>
    <Year>2011</Year>
    <Month>4</Month>
    <Time>12</Time>
    <Pres>30</Pres>
    <Hight>23473</Hight>
    <Temp>-464</Temp>
    <DefTR></DefTR>
    <Modul>31</Modul>
    <U>-6</U>
    <V>19</V>
  </object>
  <object>
    <Nameagency>Росгидромет</Nameagency>
    <Index>24343</Index>
    <Year>2011</Year>
    <Month>4</Month>
    <Time>12</Time>
    <Pres>20</Pres>
    <Hight></Hight>
    <Temp></Temp>
    <DefTR></DefTR>
    <Modul>30</Modul>
    <U>-13</U>
    <V>19</V>
  </object>
  <object>
    <Nameagency>Росгидромет</Nameagency>
    <Index>24343</Index>
    <Year>2011</Year>
    <Month>5</Month>
    <Time>0</Time>
    <Pres>1111</Pres>
    <Hight>84</Hight>
    <Temp>27</Temp>
    <DefTR>65</DefTR>
    <Modul>4</Modul>
    <U>0</U>
    <V>-3</V>
  </object>
  <object>
    <Nameagency>Росгидромет</Nameagency>
    <Index>24343</Index>
    <Year>2011</Year>
    <Month>5</Month>
    <Time>0</Time>
    <Pres>1000</Pres>
    <Hight>133</Hight>
    <Temp>14</Temp>
    <DefTR>88</DefTR>
    <Modul>5</Modul>
    <U>0</U>
    <V>-5</V>
  </object>
  <object>
    <Nameagency>Росгидромет</Nameagency>
    <Index>24343</Index>
    <Year>2011</Year>
    <Month>5</Month>
    <Time>0</Time>
    <Pres>925</Pres>
    <Hight>736</Hight>
    <Temp>1</Temp>
    <DefTR>103</DefTR>
    <Modul>7</Modul>
    <U>0</U>
    <V>-3</V>
  </object>
  <object>
    <Nameagency>Росгидромет</Nameagency>
    <Index>24343</Index>
    <Year>2011</Year>
    <Month>5</Month>
    <Time>0</Time>
    <Pres>850</Pres>
    <Hight>1411</Hight>
    <Temp>-24</Temp>
    <DefTR>103</DefTR>
    <Modul>7</Modul>
    <U>1</U>
    <V>-3</V>
  </object>
  <object>
    <Nameagency>Росгидромет</Nameagency>
    <Index>24343</Index>
    <Year>2011</Year>
    <Month>5</Month>
    <Time>0</Time>
    <Pres>700</Pres>
    <Hight>2928</Hight>
    <Temp>-110</Temp>
    <DefTR>86</DefTR>
    <Modul>11</Modul>
    <U>4</U>
    <V>-4</V>
  </object>
  <object>
    <Nameagency>Росгидромет</Nameagency>
    <Index>24343</Index>
    <Year>2011</Year>
    <Month>5</Month>
    <Time>0</Time>
    <Pres>500</Pres>
    <Hight>5435</Hight>
    <Temp>-262</Temp>
    <DefTR>101</DefTR>
    <Modul>18</Modul>
    <U>6</U>
    <V>-4</V>
  </object>
  <object>
    <Nameagency>Росгидромет</Nameagency>
    <Index>24343</Index>
    <Year>2011</Year>
    <Month>5</Month>
    <Time>0</Time>
    <Pres>400</Pres>
    <Hight>7010</Hight>
    <Temp>-372</Temp>
    <DefTR>88</DefTR>
    <Modul>23</Modul>
    <U>7</U>
    <V>-3</V>
  </object>
  <object>
    <Nameagency>Росгидромет</Nameagency>
    <Index>24343</Index>
    <Year>2011</Year>
    <Month>5</Month>
    <Time>0</Time>
    <Pres>300</Pres>
    <Hight>8939</Hight>
    <Temp>-504</Temp>
    <DefTR>74</DefTR>
    <Modul>24</Modul>
    <U>8</U>
    <V>-3</V>
  </object>
  <object>
    <Nameagency>Росгидромет</Nameagency>
    <Index>24343</Index>
    <Year>2011</Year>
    <Month>5</Month>
    <Time>0</Time>
    <Pres>250</Pres>
    <Hight>10119</Hight>
    <Temp>-530</Temp>
    <DefTR>77</DefTR>
    <Modul>18</Modul>
    <U>5</U>
    <V>-3</V>
  </object>
  <object>
    <Nameagency>Росгидромет</Nameagency>
    <Index>24343</Index>
    <Year>2011</Year>
    <Month>5</Month>
    <Time>0</Time>
    <Pres>200</Pres>
    <Hight>11572</Hight>
    <Temp>-490</Temp>
    <DefTR>97</DefTR>
    <Modul>10</Modul>
    <U>3</U>
    <V>-2</V>
  </object>
  <object>
    <Nameagency>Росгидромет</Nameagency>
    <Index>24343</Index>
    <Year>2011</Year>
    <Month>5</Month>
    <Time>0</Time>
    <Pres>150</Pres>
    <Hight>13473</Hight>
    <Temp>-477</Temp>
    <DefTR>116</DefTR>
    <Modul>6</Modul>
    <U>0</U>
    <V>-1</V>
  </object>
  <object>
    <Nameagency>Росгидромет</Nameagency>
    <Index>24343</Index>
    <Year>2011</Year>
    <Month>5</Month>
    <Time>0</Time>
    <Pres>100</Pres>
    <Hight>16146</Hight>
    <Temp>-470</Temp>
    <DefTR>133</DefTR>
    <Modul>5</Modul>
    <U>-3</U>
    <V>0</V>
  </object>
  <object>
    <Nameagency>Росгидромет</Nameagency>
    <Index>24343</Index>
    <Year>2011</Year>
    <Month>5</Month>
    <Time>0</Time>
    <Pres>70</Pres>
    <Hight>18509</Hight>
    <Temp>-464</Temp>
    <DefTR></DefTR>
    <Modul>6</Modul>
    <U>-5</U>
    <V>0</V>
  </object>
  <object>
    <Nameagency>Росгидромет</Nameagency>
    <Index>24343</Index>
    <Year>2011</Year>
    <Month>5</Month>
    <Time>0</Time>
    <Pres>50</Pres>
    <Hight>20744</Hight>
    <Temp>-461</Temp>
    <DefTR></DefTR>
    <Modul>7</Modul>
    <U>-7</U>
    <V>0</V>
  </object>
  <object>
    <Nameagency>Росгидромет</Nameagency>
    <Index>24343</Index>
    <Year>2011</Year>
    <Month>5</Month>
    <Time>0</Time>
    <Pres>30</Pres>
    <Hight>24139</Hight>
    <Temp>-460</Temp>
    <DefTR></DefTR>
    <Modul>10</Modul>
    <U>-9</U>
    <V>0</V>
  </object>
  <object>
    <Nameagency>Росгидромет</Nameagency>
    <Index>24343</Index>
    <Year>2011</Year>
    <Month>5</Month>
    <Time>0</Time>
    <Pres>20</Pres>
    <Hight>26853</Hight>
    <Temp>-435</Temp>
    <DefTR></DefTR>
    <Modul>13</Modul>
    <U>-13</U>
    <V>1</V>
  </object>
  <object>
    <Nameagency>Росгидромет</Nameagency>
    <Index>24343</Index>
    <Year>2011</Year>
    <Month>5</Month>
    <Time>0</Time>
    <Pres>10</Pres>
    <Hight>31575</Hight>
    <Temp>-368</Temp>
    <DefTR></DefTR>
    <Modul>15</Modul>
    <U>-15</U>
    <V>0</V>
  </object>
  <object>
    <Nameagency>Росгидромет</Nameagency>
    <Index>24343</Index>
    <Year>2011</Year>
    <Month>5</Month>
    <Time>12</Time>
    <Pres>1111</Pres>
    <Hight>84</Hight>
    <Temp>56</Temp>
    <DefTR>108</DefTR>
    <Modul>4</Modul>
    <U>0</U>
    <V>-2</V>
  </object>
  <object>
    <Nameagency>Росгидромет</Nameagency>
    <Index>24343</Index>
    <Year>2011</Year>
    <Month>5</Month>
    <Time>12</Time>
    <Pres>1000</Pres>
    <Hight>128</Hight>
    <Temp>55</Temp>
    <DefTR>120</DefTR>
    <Modul>5</Modul>
    <U>0</U>
    <V>-4</V>
  </object>
  <object>
    <Nameagency>Росгидромет</Nameagency>
    <Index>24343</Index>
    <Year>2011</Year>
    <Month>5</Month>
    <Time>12</Time>
    <Pres>925</Pres>
    <Hight>740</Hight>
    <Temp>23</Temp>
    <DefTR>122</DefTR>
    <Modul>8</Modul>
    <U>-1</U>
    <V>-4</V>
  </object>
  <object>
    <Nameagency>Росгидромет</Nameagency>
    <Index>24343</Index>
    <Year>2011</Year>
    <Month>5</Month>
    <Time>12</Time>
    <Pres>850</Pres>
    <Hight>1418</Hight>
    <Temp>-9</Temp>
    <DefTR>124</DefTR>
    <Modul>8</Modul>
    <U>2</U>
    <V>-4</V>
  </object>
  <object>
    <Nameagency>Росгидромет</Nameagency>
    <Index>24343</Index>
    <Year>2011</Year>
    <Month>5</Month>
    <Time>12</Time>
    <Pres>700</Pres>
    <Hight>2940</Hight>
    <Temp>-101</Temp>
    <DefTR>95</DefTR>
    <Modul>10</Modul>
    <U>4</U>
    <V>-5</V>
  </object>
  <object>
    <Nameagency>Росгидромет</Nameagency>
    <Index>24343</Index>
    <Year>2011</Year>
    <Month>5</Month>
    <Time>12</Time>
    <Pres>500</Pres>
    <Hight>5451</Hight>
    <Temp>-261</Temp>
    <DefTR>89</DefTR>
    <Modul>16</Modul>
    <U>6</U>
    <V>-4</V>
  </object>
  <object>
    <Nameagency>Росгидромет</Nameagency>
    <Index>24343</Index>
    <Year>2011</Year>
    <Month>5</Month>
    <Time>12</Time>
    <Pres>400</Pres>
    <Hight>7031</Hight>
    <Temp>-375</Temp>
    <DefTR>76</DefTR>
    <Modul>21</Modul>
    <U>6</U>
    <V>-3</V>
  </object>
  <object>
    <Nameagency>Росгидромет</Nameagency>
    <Index>24343</Index>
    <Year>2011</Year>
    <Month>5</Month>
    <Time>12</Time>
    <Pres>300</Pres>
    <Hight>8957</Hight>
    <Temp>-508</Temp>
    <DefTR>66</DefTR>
    <Modul>23</Modul>
    <U>7</U>
    <V>-2</V>
  </object>
  <object>
    <Nameagency>Росгидромет</Nameagency>
    <Index>24343</Index>
    <Year>2011</Year>
    <Month>5</Month>
    <Time>12</Time>
    <Pres>250</Pres>
    <Hight>10133</Hight>
    <Temp>-534</Temp>
    <DefTR>70</DefTR>
    <Modul>18</Modul>
    <U>7</U>
    <V>-3</V>
  </object>
  <object>
    <Nameagency>Росгидромет</Nameagency>
    <Index>24343</Index>
    <Year>2011</Year>
    <Month>5</Month>
    <Time>12</Time>
    <Pres>200</Pres>
    <Hight>11580</Hight>
    <Temp>-494</Temp>
    <DefTR>89</DefTR>
    <Modul>10</Modul>
    <U>3</U>
    <V>-2</V>
  </object>
  <object>
    <Nameagency>Росгидромет</Nameagency>
    <Index>24343</Index>
    <Year>2011</Year>
    <Month>5</Month>
    <Time>12</Time>
    <Pres>150</Pres>
    <Hight>13469</Hight>
    <Temp>-481</Temp>
    <DefTR>117</DefTR>
    <Modul>7</Modul>
    <U>0</U>
    <V>-2</V>
  </object>
  <object>
    <Nameagency>Росгидромет</Nameagency>
    <Index>24343</Index>
    <Year>2011</Year>
    <Month>5</Month>
    <Time>12</Time>
    <Pres>100</Pres>
    <Hight>16145</Hight>
    <Temp>-473</Temp>
    <DefTR>140</DefTR>
    <Modul>4</Modul>
    <U>-2</U>
    <V>-1</V>
  </object>
  <object>
    <Nameagency>Росгидромет</Nameagency>
    <Index>24343</Index>
    <Year>2011</Year>
    <Month>5</Month>
    <Time>12</Time>
    <Pres>70</Pres>
    <Hight>18502</Hight>
    <Temp>-471</Temp>
    <DefTR></DefTR>
    <Modul>6</Modul>
    <U>-5</U>
    <V>-1</V>
  </object>
  <object>
    <Nameagency>Росгидромет</Nameagency>
    <Index>24343</Index>
    <Year>2011</Year>
    <Month>5</Month>
    <Time>12</Time>
    <Pres>50</Pres>
    <Hight>20731</Hight>
    <Temp>-466</Temp>
    <DefTR></DefTR>
    <Modul>7</Modul>
    <U>-7</U>
    <V>-1</V>
  </object>
  <object>
    <Nameagency>Росгидромет</Nameagency>
    <Index>24343</Index>
    <Year>2011</Year>
    <Month>5</Month>
    <Time>12</Time>
    <Pres>30</Pres>
    <Hight>24117</Hight>
    <Temp>-465</Temp>
    <DefTR></DefTR>
    <Modul>9</Modul>
    <U>-9</U>
    <V>-1</V>
  </object>
  <object>
    <Nameagency>Росгидромет</Nameagency>
    <Index>24343</Index>
    <Year>2011</Year>
    <Month>5</Month>
    <Time>12</Time>
    <Pres>20</Pres>
    <Hight>26814</Hight>
    <Temp>-441</Temp>
    <DefTR></DefTR>
    <Modul>13</Modul>
    <U>-12</U>
    <V>-1</V>
  </object>
  <object>
    <Nameagency>Росгидромет</Nameagency>
    <Index>24343</Index>
    <Year>2011</Year>
    <Month>5</Month>
    <Time>12</Time>
    <Pres>10</Pres>
    <Hight>31525</Hight>
    <Temp>-378</Temp>
    <DefTR></DefTR>
    <Modul>15</Modul>
    <U>-15</U>
    <V>-1</V>
  </object>
  <object>
    <Nameagency>Росгидромет</Nameagency>
    <Index>24343</Index>
    <Year>2011</Year>
    <Month>6</Month>
    <Time>0</Time>
    <Pres>1111</Pres>
    <Hight>84</Hight>
    <Temp>119</Temp>
    <DefTR>78</DefTR>
    <Modul>4</Modul>
    <U>0</U>
    <V>-2</V>
  </object>
  <object>
    <Nameagency>Росгидромет</Nameagency>
    <Index>24343</Index>
    <Year>2011</Year>
    <Month>6</Month>
    <Time>0</Time>
    <Pres>925</Pres>
    <Hight>671</Hight>
    <Temp>70</Temp>
    <DefTR>77</DefTR>
    <Modul>7</Modul>
    <U>1</U>
    <V>-3</V>
  </object>
  <object>
    <Nameagency>Росгидромет</Nameagency>
    <Index>24343</Index>
    <Year>2011</Year>
    <Month>6</Month>
    <Time>0</Time>
    <Pres>850</Pres>
    <Hight>1360</Hight>
    <Temp>27</Temp>
    <DefTR>74</DefTR>
    <Modul>7</Modul>
    <U>1</U>
    <V>-3</V>
  </object>
  <object>
    <Nameagency>Росгидромет</Nameagency>
    <Index>24343</Index>
    <Year>2011</Year>
    <Month>6</Month>
    <Time>0</Time>
    <Pres>700</Pres>
    <Hight>2906</Hight>
    <Temp>-54</Temp>
    <DefTR>90</DefTR>
    <Modul>8</Modul>
    <U>3</U>
    <V>-1</V>
  </object>
  <object>
    <Nameagency>Росгидромет</Nameagency>
    <Index>24343</Index>
    <Year>2011</Year>
    <Month>6</Month>
    <Time>0</Time>
    <Pres>500</Pres>
    <Hight>5466</Hight>
    <Temp>-213</Temp>
    <DefTR>97</DefTR>
    <Modul>12</Modul>
    <U>8</U>
    <V>-1</V>
  </object>
  <object>
    <Nameagency>Росгидромет</Nameagency>
    <Index>24343</Index>
    <Year>2011</Year>
    <Month>6</Month>
    <Time>0</Time>
    <Pres>400</Pres>
    <Hight>7081</Hight>
    <Temp>-327</Temp>
    <DefTR>78</DefTR>
    <Modul>16</Modul>
    <U>10</U>
    <V>-1</V>
  </object>
  <object>
    <Nameagency>Росгидромет</Nameagency>
    <Index>24343</Index>
    <Year>2011</Year>
    <Month>6</Month>
    <Time>0</Time>
    <Pres>300</Pres>
    <Hight>9051</Hight>
    <Temp>-458</Temp>
    <DefTR>71</DefTR>
    <Modul>20</Modul>
    <U>14</U>
    <V>-1</V>
  </object>
  <object>
    <Nameagency>Росгидромет</Nameagency>
    <Index>24343</Index>
    <Year>2011</Year>
    <Month>6</Month>
    <Time>0</Time>
    <Pres>250</Pres>
    <Hight>10255</Hight>
    <Temp>-487</Temp>
    <DefTR>76</DefTR>
    <Modul>18</Modul>
    <U>13</U>
    <V>-1</V>
  </object>
  <object>
    <Nameagency>Росгидромет</Nameagency>
    <Index>24343</Index>
    <Year>2011</Year>
    <Month>6</Month>
    <Time>0</Time>
    <Pres>200</Pres>
    <Hight>11730</Hight>
    <Temp>-457</Temp>
    <DefTR>99</DefTR>
    <Modul>11</Modul>
    <U>7</U>
    <V>-1</V>
  </object>
  <object>
    <Nameagency>Росгидромет</Nameagency>
    <Index>24343</Index>
    <Year>2011</Year>
    <Month>6</Month>
    <Time>0</Time>
    <Pres>150</Pres>
    <Hight>13646</Hight>
    <Temp>-462</Temp>
    <DefTR>115</DefTR>
    <Modul>6</Modul>
    <U>4</U>
    <V>-1</V>
  </object>
  <object>
    <Nameagency>Росгидромет</Nameagency>
    <Index>24343</Index>
    <Year>2011</Year>
    <Month>6</Month>
    <Time>0</Time>
    <Pres>100</Pres>
    <Hight>16333</Hight>
    <Temp>-468</Temp>
    <DefTR>129</DefTR>
    <Modul>4</Modul>
    <U>1</U>
    <V>-2</V>
  </object>
  <object>
    <Nameagency>Росгидромет</Nameagency>
    <Index>24343</Index>
    <Year>2011</Year>
    <Month>6</Month>
    <Time>0</Time>
    <Pres>70</Pres>
    <Hight>18702</Hight>
    <Temp>-463</Temp>
    <DefTR></DefTR>
    <Modul>3</Modul>
    <U>-1</U>
    <V>-2</V>
  </object>
  <object>
    <Nameagency>Росгидромет</Nameagency>
    <Index>24343</Index>
    <Year>2011</Year>
    <Month>6</Month>
    <Time>0</Time>
    <Pres>50</Pres>
    <Hight>20941</Hight>
    <Temp>-455</Temp>
    <DefTR></DefTR>
    <Modul>5</Modul>
    <U>-4</U>
    <V>-1</V>
  </object>
  <object>
    <Nameagency>Росгидромет</Nameagency>
    <Index>24343</Index>
    <Year>2011</Year>
    <Month>6</Month>
    <Time>12</Time>
    <Pres>1111</Pres>
    <Hight>84</Hight>
    <Temp>126</Temp>
    <DefTR>84</DefTR>
    <Modul>3</Modul>
    <U>0</U>
    <V>-2</V>
  </object>
  <object>
    <Nameagency>Росгидромет</Nameagency>
    <Index>24343</Index>
    <Year>2011</Year>
    <Month>6</Month>
    <Time>12</Time>
    <Pres>925</Pres>
    <Hight>676</Hight>
    <Temp>89</Temp>
    <DefTR>91</DefTR>
    <Modul>7</Modul>
    <U>1</U>
    <V>-4</V>
  </object>
  <object>
    <Nameagency>Росгидромет</Nameagency>
    <Index>24343</Index>
    <Year>2011</Year>
    <Month>6</Month>
    <Time>12</Time>
    <Pres>850</Pres>
    <Hight>1367</Hight>
    <Temp>37</Temp>
    <DefTR>69</DefTR>
    <Modul>7</Modul>
    <U>2</U>
    <V>-3</V>
  </object>
  <object>
    <Nameagency>Росгидромет</Nameagency>
    <Index>24343</Index>
    <Year>2011</Year>
    <Month>6</Month>
    <Time>12</Time>
    <Pres>700</Pres>
    <Hight>2917</Hight>
    <Temp>-54</Temp>
    <DefTR>73</DefTR>
    <Modul>9</Modul>
    <U>3</U>
    <V>-2</V>
  </object>
  <object>
    <Nameagency>Росгидромет</Nameagency>
    <Index>24343</Index>
    <Year>2011</Year>
    <Month>6</Month>
    <Time>12</Time>
    <Pres>500</Pres>
    <Hight>5476</Hight>
    <Temp>-212</Temp>
    <DefTR>86</DefTR>
    <Modul>13</Modul>
    <U>8</U>
    <V>-2</V>
  </object>
  <object>
    <Nameagency>Росгидромет</Nameagency>
    <Index>24343</Index>
    <Year>2011</Year>
    <Month>6</Month>
    <Time>12</Time>
    <Pres>400</Pres>
    <Hight>7085</Hight>
    <Temp>-330</Temp>
    <DefTR>80</DefTR>
    <Modul>17</Modul>
    <U>11</U>
    <V>-2</V>
  </object>
  <object>
    <Nameagency>Росгидромет</Nameagency>
    <Index>24343</Index>
    <Year>2011</Year>
    <Month>6</Month>
    <Time>12</Time>
    <Pres>300</Pres>
    <Hight>9053</Hight>
    <Temp>-462</Temp>
    <DefTR>67</DefTR>
    <Modul>21</Modul>
    <U>14</U>
    <V>-3</V>
  </object>
  <object>
    <Nameagency>Росгидромет</Nameagency>
    <Index>24343</Index>
    <Year>2011</Year>
    <Month>6</Month>
    <Time>12</Time>
    <Pres>250</Pres>
    <Hight>10255</Hight>
    <Temp>-478</Temp>
    <DefTR>77</DefTR>
    <Modul>16</Modul>
    <U>12</U>
    <V>-2</V>
  </object>
  <object>
    <Nameagency>Росгидромет</Nameagency>
    <Index>24343</Index>
    <Year>2011</Year>
    <Month>6</Month>
    <Time>12</Time>
    <Pres>200</Pres>
    <Hight>11738</Hight>
    <Temp>-453</Temp>
    <DefTR>102</DefTR>
    <Modul>11</Modul>
    <U>8</U>
    <V>-2</V>
  </object>
  <object>
    <Nameagency>Росгидромет</Nameagency>
    <Index>24343</Index>
    <Year>2011</Year>
    <Month>6</Month>
    <Time>12</Time>
    <Pres>150</Pres>
    <Hight>13662</Hight>
    <Temp>-460</Temp>
    <DefTR>117</DefTR>
    <Modul>8</Modul>
    <U>6</U>
    <V>-2</V>
  </object>
  <object>
    <Nameagency>Росгидромет</Nameagency>
    <Index>24343</Index>
    <Year>2011</Year>
    <Month>6</Month>
    <Time>12</Time>
    <Pres>100</Pres>
    <Hight>16350</Hight>
    <Temp>-469</Temp>
    <DefTR>128</DefTR>
    <Modul>5</Modul>
    <U>2</U>
    <V>-2</V>
  </object>
  <object>
    <Nameagency>Росгидромет</Nameagency>
    <Index>24343</Index>
    <Year>2011</Year>
    <Month>6</Month>
    <Time>12</Time>
    <Pres>70</Pres>
    <Hight>18718</Hight>
    <Temp>-459</Temp>
    <DefTR></DefTR>
    <Modul>4</Modul>
    <U>0</U>
    <V>-2</V>
  </object>
  <object>
    <Nameagency>Росгидромет</Nameagency>
    <Index>24343</Index>
    <Year>2011</Year>
    <Month>6</Month>
    <Time>12</Time>
    <Pres>50</Pres>
    <Hight>20960</Hight>
    <Temp>-452</Temp>
    <DefTR></DefTR>
    <Modul>5</Modul>
    <U>-3</U>
    <V>-2</V>
  </object>
  <object>
    <Nameagency>Росгидромет</Nameagency>
    <Index>24343</Index>
    <Year>2011</Year>
    <Month>6</Month>
    <Time>12</Time>
    <Pres>30</Pres>
    <Hight>24373</Hight>
    <Temp>-443</Temp>
    <DefTR></DefTR>
    <Modul>8</Modul>
    <U>-8</U>
    <V>-1</V>
  </object>
</root>
