intersection_id,x,y,type
0,0,0,traffic_light
1,0,1000,regular
2,0,2000,regular
3,0,3000,traffic_light
4,0,4000,major
5,0,5000,regular
6,0,6000,regular
7,0,7000,regular
8,0,8000,traffic_light
9,0,9000,regular
10,0,10000,traffic_light
11,1000,0,traffic_light
12,1000,1000,traffic_light
13,1000,2000,regular
14,1000,3000,traffic_light
15,1000,4000,major
16,1000,5000,regular
17,1000,6000,regular
18,1000,7000,regular
19,1000,8000,regular
20,1000,9000,regular
21,1000,10000,traffic_light
22,2000,0,traffic_light
23,2000,1000,regular
24,2000,2000,traffic_light
25,2000,3000,regular
26,2000,4000,traffic_light
27,2000,5000,traffic_light
28,2000,6000,traffic_light
29,2000,7000,traffic_light
30,2000,8000,major
31,2000,9000,regular
32,2000,10000,major
33,3000,0,traffic_light
34,3000,1000,major
35,3000,2000,regular
36,3000,3000,regular
37,3000,4000,traffic_light
38,3000,5000,major
39,3000,6000,major
40,3000,7000,major
41,3000,8000,regular
42,3000,9000,regular
43,3000,10000,major
44,4000,0,regular
45,4000,1000,regular
46,4000,2000,major
47,4000,3000,regular
48,4000,4000,major
49,4000,5000,major
50,4000,6000,traffic_light
51,4000,7000,major
52,4000,8000,regular
53,4000,9000,traffic_light
54,4000,10000,major
55,5000,0,traffic_light
56,5000,1000,regular
57,5000,2000,major
58,5000,3000,regular
59,5000,4000,traffic_light
60,5000,5000,major
61,5000,6000,traffic_light
62,5000,7000,traffic_light
63,5000,8000,major
64,5000,9000,traffic_light
65,5000,10000,regular
66,6000,0,traffic_light
67,6000,1000,regular
68,6000,2000,regular
69,6000,3000,traffic_light
70,6000,4000,regular
71,6000,5000,major
72,6000,6000,regular
73,6000,7000,regular
74,6000,8000,regular
75,6000,9000,major
76,6000,10000,major
77,7000,0,major
78,7000,1000,traffic_light
79,7000,2000,major
80,7000,3000,regular
81,7000,4000,major
82,7000,5000,major
83,7000,6000,regular
84,7000,7000,traffic_light
85,7000,8000,major
86,7000,9000,traffic_light
87,7000,10000,traffic_light
88,8000,0,traffic_light
89,8000,1000,regular
90,8000,2000,traffic_light
91,8000,3000,traffic_light
92,8000,4000,regular
93,8000,5000,traffic_light
94,8000,6000,traffic_light
95,8000,7000,regular
96,8000,8000,regular
97,8000,9000,major
98,8000,10000,major
99,9000,0,major
100,9000,1000,traffic_light
101,9000,2000,traffic_light
102,9000,3000,traffic_light
103,9000,4000,regular
104,9000,5000,traffic_light
105,9000,6000,major
106,9000,7000,regular
107,9000,8000,regular
108,9000,9000,regular
109,9000,10000,major
110,10000,0,major
111,10000,1000,major
112,10000,2000,regular
113,10000,3000,regular
114,10000,4000,traffic_light
115,10000,5000,traffic_light
116,10000,6000,major
117,10000,7000,regular
118,10000,8000,traffic_light
119,10000,9000,major
120,10000,10000,major
