passenger_id,age,passenger_type,frequent_rider,avg_trips_per_week
1,16,школьник,True,9
2,76,пенсионер,False,17
3,79,пенсионер,False,11
4,61,пенсионер,True,9
5,58,взрослый,False,16
6,28,взрослый,False,8
7,5,школьник,True,5
8,15,школьник,False,15
9,36,взрослый,False,4
10,23,студент,False,7
11,66,пенсионер,False,6
12,66,пенсионер,True,1
13,18,школьник,False,1
14,71,пенсионер,False,1
15,68,пенсионер,True,17
16,48,взрослый,True,15
17,56,взрослый,False,11
18,15,школьник,False,3
19,8,школьник,True,16
20,61,пенсионер,False,8
21,33,взрослый,False,3
22,83,пенсионер,True,17
23,15,школьник,True,16
24,75,пенсионер,True,17
25,36,взрослый,False,15
26,82,пенсионер,False,4
27,22,студент,True,16
28,78,пенсионер,False,19
29,67,пенсионер,True,20
30,29,взрослый,True,4
31,39,взрослый,True,18
32,15,школьник,False,8
33,82,пенсионер,False,20
34,11,школьник,True,16
35,41,взрослый,True,8
36,84,пенсионер,False,6
37,28,взрослый,True,9
38,27,взрослый,True,11
39,43,взрослый,True,18
40,9,школьник,True,15
41,21,студент,True,7
42,58,взрослый,False,15
43,82,пенсионер,True,10
44,60,пенсионер,False,14
45,37,взрослый,True,5
46,59,взрослый,True,9
47,27,взрослый,True,16
48,24,студент,False,9
49,9,школьник,True,9
50,76,пенсионер,False,4
51,23,студент,False,4
52,35,взрослый,True,11
53,29,взрослый,False,5
54,60,пенсионер,True,15
55,68,пенсионер,True,8
56,46,взрослый,True,17
57,79,пенсионер,True,19
58,54,взрослый,False,19
59,42,взрослый,False,20
60,54,взрослый,True,19
61,24,студент,False,1
62,46,взрослый,True,15
63,35,взрослый,False,12
64,55,взрослый,True,3
65,70,пенсионер,False,9
66,11,школьник,False,9
67,83,пенсионер,True,4
68,51,взрослый,False,7
69,84,пенсионер,True,4
70,50,взрослый,False,7
71,56,взрослый,False,8
72,46,взрослый,True,16
73,10,школьник,True,20
74,25,студент,False,1
75,50,взрослый,True,17
76,58,взрослый,False,3
77,5,школьник,True,14
78,51,взрослый,True,10
79,85,пенсионер,True,19
80,72,пенсионер,True,12
81,5,школьник,False,10
82,26,взрослый,True,17
83,45,взрослый,True,5
84,11,школьник,True,13
85,23,студент,False,11
86,33,взрослый,True,13
87,47,взрослый,False,10
88,36,взрослый,False,19
89,37,взрослый,True,1
90,62,пенсионер,False,10
91,23,студент,False,12
92,26,взрослый,True,10
93,77,пенсионер,True,5
94,40,взрослый,True,11
95,55,взрослый,True,15
96,23,студент,False,14
97,5,школьник,True,16
98,33,взрослый,False,1
99,20,студент,True,11
100,15,школьник,True,12
101,19,студент,True,19
102,31,взрослый,True,10
103,45,взрослый,True,10
104,19,студент,True,12
105,69,пенсионер,True,5
106,72,пенсионер,True,11
107,69,пенсионер,False,15
108,62,пенсионер,True,6
109,77,пенсионер,True,15
110,19,студент,False,14
111,8,школьник,False,5
112,70,пенсионер,False,13
113,23,студент,False,11
114,71,пенсионер,True,8
115,58,взрослый,False,14
116,15,школьник,True,2
117,83,пенсионер,False,5
118,40,взрослый,False,20
119,52,взрослый,False,5
120,17,школьник,True,5
121,18,школьник,False,12
122,56,взрослый,True,4
123,40,взрослый,False,1
124,39,взрослый,False,14
125,69,пенсионер,False,16
126,63,пенсионер,False,14
127,25,студент,False,20
128,19,студент,False,6
129,25,студент,True,15
130,18,школьник,True,13
131,80,пенсионер,False,13
132,62,пенсионер,False,11
133,85,пенсионер,True,4
134,15,школьник,True,18
135,18,школьник,True,7
136,39,взрослый,True,6
137,32,взрослый,False,10
138,47,взрослый,True,4
139,74,пенсионер,False,11
140,83,пенсионер,True,15
141,60,пенсионер,True,18
142,11,школьник,False,20
143,41,взрослый,False,14
144,19,студент,True,2
145,30,взрослый,True,8
146,49,взрослый,False,5
147,85,пенсионер,True,3
148,29,взрослый,False,1
149,56,взрослый,False,16
150,22,студент,True,19
151,52,взрослый,False,13
152,6,школьник,True,6
153,16,школьник,True,8
154,11,школьник,False,15
155,16,школьник,False,4
156,81,пенсионер,False,20
157,33,взрослый,True,16
158,22,студент,False,3
159,31,взрослый,True,18
160,60,пенсионер,True,19
161,83,пенсионер,False,12
162,41,взрослый,False,18
163,24,студент,True,17
164,48,взрослый,False,7
165,20,студент,True,12
166,62,пенсионер,True,8
167,39,взрослый,True,11
168,29,взрослый,True,19
169,79,пенсионер,True,6
170,58,взрослый,False,20
171,24,студент,False,13
172,47,взрослый,True,19
173,35,взрослый,False,7
174,10,школьник,True,4
175,57,взрослый,True,18
176,74,пенсионер,True,16
177,67,пенсионер,True,5
178,6,школьник,True,1
179,85,пенсионер,True,6
180,70,пенсионер,True,3
181,15,школьник,True,1
182,29,взрослый,False,10
183,65,пенсионер,True,20
184,52,взрослый,False,10
185,59,взрослый,False,16
186,14,школьник,True,2
187,63,пенсионер,True,1
188,58,взрослый,True,1
189,28,взрослый,True,9
190,78,пенсионер,False,1
191,56,взрослый,True,13
192,40,взрослый,True,4
193,28,взрослый,True,2
194,55,взрослый,True,6
195,45,взрослый,False,17
196,19,студент,True,2
197,21,студент,False,6
198,67,пенсионер,True,14
199,17,школьник,True,5
200,54,взрослый,True,14
201,17,школьник,False,6
202,37,взрослый,False,18
203,60,пенсионер,False,3
204,42,взрослый,False,17
205,28,взрослый,True,3
206,30,взрослый,False,6
207,76,пенсионер,False,7
208,34,взрослый,True,1
209,61,пенсионер,False,7
210,64,пенсионер,False,7
211,44,взрослый,False,9
212,64,пенсионер,False,13
213,43,взрослый,True,5
214,29,взрослый,True,12
215,50,взрослый,False,3
216,21,студент,True,6
217,44,взрослый,True,17
218,32,взрослый,False,20
219,85,пенсионер,False,13
220,13,школьник,True,14
221,6,школьник,True,9
222,11,школьник,True,8
223,54,взрослый,False,14
224,80,пенсионер,True,5
225,33,взрослый,False,15
226,78,пенсионер,True,1
227,6,школьник,True,7
228,17,школьник,False,15
229,52,взрослый,True,13
230,27,взрослый,True,16
231,6,школьник,False,15
232,78,пенсионер,False,3
233,42,взрослый,True,3
234,56,взрослый,False,17
235,51,взрослый,False,16
236,61,пенсионер,False,10
237,40,взрослый,True,13
238,10,школьник,False,3
239,67,пенсионер,True,3
240,50,взрослый,False,14
241,29,взрослый,False,6
242,63,пенсионер,False,9
243,84,пенсионер,True,2
244,42,взрослый,True,14
245,41,взрослый,False,3
246,6,школьник,True,16
247,5,школьник,False,20
248,31,взрослый,False,9
249,18,школьник,True,16
250,65,пенсионер,False,10
251,83,пенсионер,False,2
252,20,студент,True,13
253,15,школьник,False,2
254,63,пенсионер,False,19
255,84,пенсионер,True,4
256,8,школьник,True,1
257,13,школьник,True,18
258,32,взрослый,False,2
259,24,студент,False,14
260,27,взрослый,True,5
261,73,пенсионер,True,12
262,56,взрослый,True,2
263,43,взрослый,True,17
264,79,пенсионер,False,2
265,12,школьник,False,9
266,13,школьник,True,3
267,54,взрослый,False,17
268,64,пенсионер,True,5
269,10,школьник,False,2
270,19,студент,True,5
271,31,взрослый,True,16
272,15,школьник,True,5
273,7,школьник,True,10
274,54,взрослый,False,4
275,22,студент,False,8
276,14,школьник,True,12
277,55,взрослый,False,4
278,65,пенсионер,True,14
279,21,студент,False,16
280,76,пенсионер,True,3
281,39,взрослый,False,13
282,64,пенсионер,False,15
283,46,взрослый,True,6
284,56,взрослый,True,12
285,71,пенсионер,False,4
286,75,пенсионер,False,3
287,35,взрослый,False,15
288,13,школьник,False,13
289,85,пенсионер,True,7
290,62,пенсионер,False,15
291,42,взрослый,False,19
292,50,взрослый,False,7
293,61,пенсионер,False,6
294,56,взрослый,False,19
295,20,студент,True,16
296,82,пенсионер,False,7
297,77,пенсионер,True,3
298,67,пенсионер,True,7
299,74,пенсионер,True,9
300,7,школьник,True,12
301,69,пенсионер,False,6
302,57,взрослый,True,18
303,8,школьник,False,20
304,26,взрослый,False,8
305,21,студент,True,1
306,72,пенсионер,False,8
307,65,пенсионер,False,10
308,27,взрослый,False,10
309,36,взрослый,False,14
310,43,взрослый,True,16
311,69,пенсионер,False,2
312,55,взрослый,True,15
313,78,пенсионер,True,2
314,48,взрослый,False,20
315,54,взрослый,False,8
316,75,пенсионер,False,7
317,31,взрослый,False,13
318,25,студент,True,10
319,56,взрослый,False,9
320,21,студент,False,6
321,26,взрослый,True,4
322,85,пенсионер,True,1
323,40,взрослый,True,1
324,47,взрослый,True,6
325,83,пенсионер,False,17
326,58,взрослый,True,11
327,7,школьник,False,20
328,50,взрослый,True,14
329,41,взрослый,True,8
330,50,взрослый,True,15
331,9,школьник,True,6
332,5,школьник,True,14
333,85,пенсионер,True,8
334,53,взрослый,True,13
335,33,взрослый,True,17
336,40,взрослый,True,10
337,74,пенсионер,True,5
338,12,школьник,True,18
339,82,пенсионер,False,9
340,16,школьник,True,12
341,23,студент,False,5
342,25,студент,True,1
343,75,пенсионер,False,2
344,9,школьник,True,20
345,17,школьник,False,13
346,47,взрослый,False,20
347,42,взрослый,True,2
348,51,взрослый,True,7
349,17,школьник,False,3
350,15,школьник,True,15
351,5,школьник,False,18
352,23,студент,True,8
353,70,пенсионер,False,11
354,42,взрослый,False,14
355,69,пенсионер,False,15
356,53,взрослый,False,11
357,9,школьник,False,7
358,40,взрослый,False,15
359,6,школьник,False,10
360,43,взрослый,True,16
361,38,взрослый,True,16
362,56,взрослый,False,9
363,43,взрослый,False,4
364,11,школьник,False,4
365,78,пенсионер,True,2
366,70,пенсионер,False,3
367,22,студент,True,5
368,9,школьник,True,18
369,68,пенсионер,False,15
370,31,взрослый,False,5
371,79,пенсионер,True,17
372,44,взрослый,False,4
373,23,студент,True,8
374,79,пенсионер,True,17
375,22,студент,False,12
376,17,школьник,False,2
377,57,взрослый,False,8
378,42,взрослый,True,6
379,84,пенсионер,True,13
380,54,взрослый,False,7
381,18,школьник,False,15
382,73,пенсионер,False,1
383,44,взрослый,True,16
384,38,взрослый,False,8
385,13,школьник,False,12
386,38,взрослый,True,8
387,79,пенсионер,False,5
388,70,пенсионер,True,4
389,76,пенсионер,False,1
390,48,взрослый,True,17
391,37,взрослый,False,8
392,16,школьник,True,12
393,72,пенсионер,False,2
394,63,пенсионер,True,9
395,75,пенсионер,True,7
396,82,пенсионер,True,19
397,70,пенсионер,True,1
398,70,пенсионер,False,2
399,43,взрослый,False,4
400,49,взрослый,True,17
401,47,взрослый,True,19
402,73,пенсионер,True,17
403,13,школьник,False,19
404,53,взрослый,False,9
405,51,взрослый,True,8
406,63,пенсионер,True,11
407,80,пенсионер,False,9
408,34,взрослый,True,7
409,43,взрослый,True,9
410,14,школьник,True,17
411,27,взрослый,False,4
412,40,взрослый,False,9
413,8,школьник,True,6
414,80,пенсионер,False,17
415,35,взрослый,True,5
416,23,студент,True,10
417,71,пенсионер,False,6
418,72,пенсионер,False,10
419,33,взрослый,False,7
420,49,взрослый,False,5
421,20,студент,True,4
422,73,пенсионер,False,3
423,76,пенсионер,True,16
424,19,студент,False,18
425,11,школьник,False,12
426,78,пенсионер,False,10
427,14,школьник,False,7
428,27,взрослый,True,10
429,25,студент,False,4
430,30,взрослый,False,4
431,61,пенсионер,False,11
432,58,взрослый,False,3
433,63,пенсионер,True,20
434,38,взрослый,True,13
435,24,студент,True,14
436,18,школьник,False,8
437,38,взрослый,False,6
438,8,школьник,False,17
439,38,взрослый,False,1
440,74,пенсионер,False,10
441,14,школьник,True,10
442,39,взрослый,False,17
443,76,пенсионер,False,7
444,11,школьник,True,11
445,7,школьник,False,7
446,46,взрослый,True,11
447,29,взрослый,True,9
448,44,взрослый,False,20
449,24,студент,False,16
450,81,пенсионер,False,18
451,54,взрослый,True,5
452,76,пенсионер,False,1
453,12,школьник,True,9
454,22,студент,True,6
455,52,взрослый,False,5
456,40,взрослый,False,16
457,65,пенсионер,False,3
458,55,взрослый,False,14
459,34,взрослый,True,8
460,14,школьник,False,5
461,19,студент,True,14
462,25,студент,False,9
463,26,взрослый,True,14
464,78,пенсионер,False,3
465,61,пенсионер,False,2
466,5,школьник,True,10
467,12,школьник,True,19
468,29,взрослый,False,13
469,57,взрослый,False,13
470,22,студент,False,2
471,69,пенсионер,False,11
472,75,пенсионер,True,16
473,20,студент,True,7
474,47,взрослый,False,18
475,39,взрослый,False,7
476,68,пенсионер,False,19
477,66,пенсионер,True,10
478,20,студент,False,10
479,6,школьник,False,16
480,15,школьник,False,20
481,22,студент,True,5
482,20,студент,True,12
483,69,пенсионер,False,1
484,37,взрослый,True,5
485,9,школьник,True,9
486,58,взрослый,True,2
487,79,пенсионер,False,11
488,60,пенсионер,False,7
489,30,взрослый,False,12
490,80,пенсионер,False,2
491,66,пенсионер,True,15
492,46,взрослый,True,10
493,62,пенсионер,False,20
494,34,взрослый,False,1
495,24,студент,True,1
496,46,взрослый,True,19
497,48,взрослый,False,9
498,25,студент,False,6
499,42,взрослый,False,18
500,60,пенсионер,True,7
501,40,взрослый,False,13
502,14,школьник,False,10
503,5,школьник,True,4
504,28,взрослый,True,3
505,42,взрослый,True,10
506,20,студент,True,10
507,50,взрослый,True,18
508,71,пенсионер,True,13
509,64,пенсионер,False,5
510,25,студент,False,7
511,34,взрослый,True,13
512,77,пенсионер,False,10
513,85,пенсионер,True,6
514,33,взрослый,True,1
515,16,школьник,True,11
516,13,школьник,True,18
517,33,взрослый,True,16
518,7,школьник,False,20
519,12,школьник,True,7
520,12,школьник,True,6
521,40,взрослый,True,15
522,77,пенсионер,True,4
523,55,взрослый,False,8
524,23,студент,False,3
525,69,пенсионер,True,17
526,16,школьник,False,16
527,76,пенсионер,False,3
528,50,взрослый,True,8
529,50,взрослый,True,17
530,5,школьник,True,3
531,21,студент,False,7
532,72,пенсионер,False,2
533,15,школьник,False,13
534,82,пенсионер,True,4
535,41,взрослый,True,5
536,64,пенсионер,False,20
537,15,школьник,True,19
538,29,взрослый,True,16
539,26,взрослый,False,10
540,50,взрослый,True,12
541,49,взрослый,True,14
542,23,студент,False,5
543,9,школьник,False,16
544,57,взрослый,True,8
545,6,школьник,True,3
546,26,взрослый,True,11
547,20,студент,False,9
548,78,пенсионер,False,5
549,64,пенсионер,False,18
550,76,пенсионер,False,15
551,14,школьник,True,4
552,21,студент,False,7
553,78,пенсионер,False,18
554,57,взрослый,False,11
555,20,студент,False,16
556,75,пенсионер,False,1
557,52,взрослый,True,17
558,5,школьник,False,2
559,15,школьник,True,3
560,52,взрослый,True,18
561,9,школьник,False,6
562,62,пенсионер,True,19
563,65,пенсионер,False,3
564,25,студент,False,17
565,24,студент,True,6
566,29,взрослый,False,6
567,34,взрослый,True,5
568,31,взрослый,True,19
569,63,пенсионер,True,3
570,28,взрослый,False,18
571,22,студент,True,8
572,30,взрослый,False,5
573,29,взрослый,False,9
574,33,взрослый,False,5
575,22,студент,True,19
576,72,пенсионер,True,16
577,12,школьник,True,13
578,59,взрослый,True,20
579,40,взрослый,True,19
580,66,пенсионер,True,9
581,22,студент,True,15
582,78,пенсионер,True,10
583,59,взрослый,True,20
584,10,школьник,False,11
585,24,студент,True,15
586,66,пенсионер,False,17
587,70,пенсионер,False,4
588,41,взрослый,True,13
589,48,взрослый,True,19
590,30,взрослый,False,15
591,82,пенсионер,False,2
592,30,взрослый,True,17
593,74,пенсионер,False,2
594,39,взрослый,False,14
595,51,взрослый,False,11
596,77,пенсионер,False,18
597,35,взрослый,False,16
598,79,пенсионер,True,2
599,74,пенсионер,False,12
600,56,взрослый,True,5
601,20,студент,True,16
602,47,взрослый,False,19
603,13,школьник,True,14
604,59,взрослый,True,16
605,12,школьник,True,8
606,58,взрослый,True,12
607,33,взрослый,True,1
608,38,взрослый,False,12
609,25,студент,True,20
610,62,пенсионер,True,18
611,7,школьник,False,11
612,34,взрослый,False,20
613,39,взрослый,True,16
614,14,школьник,False,18
615,21,студент,True,8
616,34,взрослый,False,4
617,53,взрослый,False,7
618,19,студент,False,19
619,76,пенсионер,True,10
620,20,студент,True,10
621,52,взрослый,False,2
622,76,пенсионер,True,16
623,65,пенсионер,False,7
624,42,взрослый,True,8
625,65,пенсионер,False,16
626,84,пенсионер,False,11
627,51,взрослый,True,1
628,79,пенсионер,False,5
629,85,пенсионер,False,14
630,18,школьник,True,18
631,5,школьник,True,12
632,57,взрослый,True,9
633,62,пенсионер,False,8
634,73,пенсионер,True,18
635,69,пенсионер,True,11
636,77,пенсионер,False,18
637,51,взрослый,False,12
638,49,взрослый,False,1
639,44,взрослый,True,11
640,75,пенсионер,False,20
641,8,школьник,False,17
642,11,школьник,False,2
643,56,взрослый,False,20
644,27,взрослый,False,9
645,82,пенсионер,True,20
646,21,студент,True,3
647,76,пенсионер,True,1
648,47,взрослый,True,10
649,55,взрослый,False,2
650,69,пенсионер,False,1
651,84,пенсионер,False,7
652,38,взрослый,False,9
653,67,пенсионер,False,19
654,67,пенсионер,True,14
655,70,пенсионер,False,5
656,42,взрослый,False,17
657,29,взрослый,True,10
658,9,школьник,True,15
659,19,студент,False,16
660,27,взрослый,False,2
661,35,взрослый,True,19
662,51,взрослый,False,19
663,76,пенсионер,True,11
664,30,взрослый,True,14
665,22,студент,True,20
666,60,пенсионер,False,15
667,46,взрослый,True,14
668,30,взрослый,False,20
669,32,взрослый,True,11
670,52,взрослый,False,19
671,10,школьник,False,4
672,74,пенсионер,False,12
673,69,пенсионер,False,6
674,30,взрослый,True,7
675,84,пенсионер,False,16
676,61,пенсионер,False,8
677,37,взрослый,True,9
678,53,взрослый,False,3
679,68,пенсионер,True,3
680,60,пенсионер,False,11
681,26,взрослый,False,7
682,49,взрослый,True,20
683,6,школьник,True,8
684,31,взрослый,False,8
685,54,взрослый,False,13
686,41,взрослый,False,19
687,41,взрослый,False,12
688,11,школьник,True,10
689,8,школьник,True,15
690,62,пенсионер,False,15
691,52,взрослый,True,2
692,5,школьник,True,10
693,78,пенсионер,False,3
694,19,студент,False,5
695,82,пенсионер,True,13
696,42,взрослый,False,2
697,76,пенсионер,False,4
698,7,школьник,False,16
699,24,студент,False,1
700,32,взрослый,True,11
701,37,взрослый,False,12
702,75,пенсионер,False,17
703,61,пенсионер,False,15
704,60,пенсионер,False,3
705,77,пенсионер,True,5
706,80,пенсионер,False,7
707,28,взрослый,False,7
708,14,школьник,True,6
709,82,пенсионер,True,19
710,75,пенсионер,True,17
711,5,школьник,False,4
712,57,взрослый,True,15
713,57,взрослый,False,1
714,69,пенсионер,False,8
715,26,взрослый,False,13
716,68,пенсионер,False,18
717,39,взрослый,True,4
718,79,пенсионер,False,10
719,36,взрослый,False,5
720,68,пенсионер,True,9
721,20,студент,False,6
722,23,студент,True,18
723,35,взрослый,True,10
724,70,пенсионер,False,15
725,72,пенсионер,True,17
726,69,пенсионер,False,7
727,66,пенсионер,True,17
728,18,школьник,False,19
729,56,взрослый,True,8
730,85,пенсионер,False,1
731,25,студент,True,13
732,37,взрослый,False,14
733,62,пенсионер,True,20
734,36,взрослый,False,5
735,82,пенсионер,False,5
736,43,взрослый,True,20
737,28,взрослый,True,19
738,37,взрослый,True,5
739,25,студент,False,4
740,14,школьник,False,5
741,31,взрослый,False,16
742,71,пенсионер,True,10
743,75,пенсионер,True,18
744,12,школьник,True,2
745,52,взрослый,False,1
746,47,взрослый,True,16
747,83,пенсионер,True,9
748,6,школьник,False,4
749,75,пенсионер,False,19
750,12,школьник,False,13
751,35,взрослый,True,10
752,8,школьник,True,10
753,51,взрослый,False,6
754,52,взрослый,True,14
755,45,взрослый,False,13
756,12,школьник,False,16
757,82,пенсионер,True,14
758,69,пенсионер,True,8
759,42,взрослый,False,17
760,6,школьник,False,20
761,57,взрослый,True,1
762,78,пенсионер,False,13
763,65,пенсионер,False,11
764,11,школьник,True,15
765,56,взрослый,False,16
766,70,пенсионер,True,8
767,34,взрослый,True,1
768,66,пенсионер,False,14
769,25,студент,False,19
770,18,школьник,True,2
771,47,взрослый,True,14
772,73,пенсионер,True,12
773,69,пенсионер,False,16
774,54,взрослый,False,7
775,18,школьник,False,3
776,82,пенсионер,False,9
777,11,школьник,False,8
778,67,пенсионер,False,15
779,9,школьник,False,3
780,45,взрослый,True,1
781,56,взрослый,True,6
782,47,взрослый,True,2
783,56,взрослый,True,11
784,62,пенсионер,True,9
785,20,студент,True,3
786,42,взрослый,False,3
787,39,взрослый,False,16
788,77,пенсионер,False,13
789,10,школьник,False,14
790,9,школьник,False,8
791,64,пенсионер,False,3
792,20,студент,True,9
793,25,студент,True,11
794,20,студент,True,12
795,35,взрослый,True,5
796,6,школьник,False,4
797,78,пенсионер,False,4
798,62,пенсионер,True,16
799,18,школьник,False,9
800,28,взрослый,True,10
801,7,школьник,True,2
802,81,пенсионер,True,3
803,12,школьник,True,17
804,36,взрослый,False,17
805,58,взрослый,True,12
806,45,взрослый,False,16
807,45,взрослый,False,7
808,85,пенсионер,False,6
809,81,пенсионер,False,10
810,13,школьник,True,11
811,27,взрослый,True,3
812,20,студент,False,19
813,61,пенсионер,True,13
814,56,взрослый,False,9
815,5,школьник,True,2
816,40,взрослый,True,17
817,55,взрослый,False,6
818,57,взрослый,False,3
819,75,пенсионер,False,1
820,45,взрослый,True,20
821,10,школьник,True,20
822,5,школьник,False,18
823,40,взрослый,True,8
824,57,взрослый,False,14
825,45,взрослый,False,11
826,57,взрослый,False,13
827,35,взрослый,True,2
828,75,пенсионер,True,6
829,47,взрослый,False,7
830,64,пенсионер,True,4
831,55,взрослый,False,14
832,83,пенсионер,False,11
833,20,студент,False,13
834,38,взрослый,False,1
835,55,взрослый,True,11
836,14,школьник,True,9
837,74,пенсионер,True,17
838,11,школьник,True,15
839,41,взрослый,False,10
840,60,пенсионер,False,13
841,27,взрослый,False,10
842,73,пенсионер,False,7
843,5,школьник,True,6
844,31,взрослый,True,20
845,77,пенсионер,False,13
846,54,взрослый,True,13
847,78,пенсионер,False,20
848,48,взрослый,False,7
849,54,взрослый,True,14
850,40,взрослый,False,5
851,20,студент,False,14
852,49,взрослый,False,1
853,75,пенсионер,True,6
854,49,взрослый,True,3
855,32,взрослый,True,20
856,71,пенсионер,False,16
857,27,взрослый,False,2
858,78,пенсионер,False,3
859,53,взрослый,False,2
860,55,взрослый,True,12
861,66,пенсионер,True,14
862,35,взрослый,False,14
863,15,школьник,True,14
864,23,студент,True,13
865,6,школьник,True,13
866,45,взрослый,True,4
867,59,взрослый,True,8
868,17,школьник,False,3
869,35,взрослый,False,12
870,80,пенсионер,True,14
871,20,студент,True,14
872,38,взрослый,True,9
873,10,школьник,False,19
874,75,пенсионер,True,1
875,85,пенсионер,False,7
876,36,взрослый,True,11
877,12,школьник,False,16
878,83,пенсионер,True,14
879,39,взрослый,True,1
880,62,пенсионер,True,6
881,14,школьник,True,7
882,85,пенсионер,False,4
883,25,студент,False,1
884,71,пенсионер,True,19
885,63,пенсионер,True,11
886,30,взрослый,False,17
887,62,пенсионер,True,7
888,44,взрослый,True,18
889,29,взрослый,False,12
890,63,пенсионер,True,7
891,41,взрослый,False,12
892,23,студент,True,12
893,68,пенсионер,False,11
894,5,школьник,True,15
895,40,взрослый,False,20
896,17,школьник,False,6
897,28,взрослый,True,9
898,64,пенсионер,True,19
899,12,школьник,False,15
900,37,взрослый,True,15
901,84,пенсионер,True,6
902,15,школьник,False,10
903,43,взрослый,True,19
904,76,пенсионер,False,9
905,19,студент,True,14
906,19,студент,True,11
907,23,студент,False,19
908,76,пенсионер,True,10
909,75,пенсионер,False,3
910,6,школьник,False,19
911,48,взрослый,False,6
912,46,взрослый,True,10
913,55,взрослый,False,17
914,79,пенсионер,True,13
915,84,пенсионер,False,8
916,14,школьник,False,16
917,64,пенсионер,True,17
918,16,школьник,True,1
919,53,взрослый,True,6
920,16,школьник,True,14
921,69,пенсионер,True,9
922,25,студент,True,4
923,78,пенсионер,False,14
924,10,школьник,True,12
925,70,пенсионер,False,10
926,79,пенсионер,False,12
927,36,взрослый,True,4
928,8,школьник,True,19
929,5,школьник,True,13
930,55,взрослый,False,1
931,66,пенсионер,False,4
932,84,пенсионер,True,17
933,61,пенсионер,False,8
934,20,студент,False,19
935,74,пенсионер,False,18
936,13,школьник,True,4
937,32,взрослый,True,15
938,75,пенсионер,False,18
939,28,взрослый,True,2
940,59,взрослый,True,14
941,15,школьник,True,13
942,23,студент,False,1
943,69,пенсионер,True,13
944,8,школьник,True,13
945,25,студент,False,20
946,74,пенсионер,False,5
947,44,взрослый,False,17
948,12,школьник,False,20
949,51,взрослый,True,1
950,23,студент,True,7
951,31,взрослый,True,11
952,43,взрослый,True,8
953,77,пенсионер,True,17
954,50,взрослый,True,7
955,63,пенсионер,False,1
956,29,взрослый,False,10
957,79,пенсионер,True,12
958,68,пенсионер,False,4
959,38,взрослый,True,9
960,37,взрослый,False,11
961,31,взрослый,False,13
962,12,школьник,True,14
963,65,пенсионер,False,8
964,32,взрослый,True,13
965,56,взрослый,False,12
966,58,взрослый,True,3
967,23,студент,False,4
968,29,взрослый,False,3
969,55,взрослый,False,1
970,36,взрослый,True,9
971,76,пенсионер,False,7
972,49,взрослый,False,1
973,10,школьник,True,15
974,13,школьник,True,14
975,78,пенсионер,True,15
976,40,взрослый,True,18
977,61,пенсионер,False,3
978,40,взрослый,False,7
979,16,школьник,False,14
980,5,школьник,True,2
981,37,взрослый,False,12
982,67,пенсионер,False,7
983,14,школьник,False,8
984,6,школьник,True,16
985,13,школьник,True,2
986,55,взрослый,False,17
987,29,взрослый,False,5
988,62,пенсионер,False,5
989,74,пенсионер,True,17
990,77,пенсионер,False,11
991,69,пенсионер,False,11
992,17,школьник,True,6
993,39,взрослый,False,20
994,40,взрослый,False,2
995,80,пенсионер,True,9
996,56,взрослый,False,10
997,39,взрослый,False,14
998,81,пенсионер,True,20
999,30,взрослый,False,8
1000,54,взрослый,False,6
1001,12,школьник,False,15
1002,7,школьник,False,6
1003,62,пенсионер,False,15
1004,20,студент,True,6
1005,64,пенсионер,True,13
1006,19,студент,True,4
1007,54,взрослый,True,7
1008,81,пенсионер,True,4
1009,61,пенсионер,False,11
1010,59,взрослый,False,11
1011,63,пенсионер,True,2
1012,7,школьник,False,3
1013,85,пенсионер,True,2
1014,69,пенсионер,True,8
1015,36,взрослый,True,10
1016,19,студент,True,11
1017,41,взрослый,False,1
1018,17,школьник,True,8
1019,44,взрослый,False,7
1020,55,взрослый,True,19
1021,12,школьник,False,15
1022,59,взрослый,False,10
1023,77,пенсионер,False,15
1024,15,школьник,False,16
1025,16,школьник,True,12
1026,10,школьник,True,16
1027,12,школьник,True,20
1028,18,школьник,True,4
1029,57,взрослый,False,7
1030,65,пенсионер,False,11
1031,41,взрослый,False,6
1032,76,пенсионер,False,2
1033,55,взрослый,True,13
1034,31,взрослый,True,17
1035,31,взрослый,False,16
1036,61,пенсионер,False,16
1037,28,взрослый,False,9
1038,7,школьник,False,4
1039,43,взрослый,True,18
1040,82,пенсионер,True,14
1041,25,студент,True,12
1042,24,студент,True,17
1043,24,студент,True,4
1044,44,взрослый,True,1
1045,41,взрослый,False,18
1046,62,пенсионер,True,12
1047,58,взрослый,True,5
1048,28,взрослый,True,14
1049,59,взрослый,False,3
1050,46,взрослый,False,12
1051,55,взрослый,False,1
1052,38,взрослый,False,15
1053,54,взрослый,False,11
1054,9,школьник,False,14
1055,11,школьник,False,15
1056,22,студент,True,13
1057,41,взрослый,False,10
1058,76,пенсионер,True,1
1059,83,пенсионер,True,19
1060,6,школьник,False,14
1061,66,пенсионер,True,10
1062,60,пенсионер,True,7
1063,46,взрослый,True,4
1064,70,пенсионер,True,6
1065,26,взрослый,False,18
1066,75,пенсионер,False,11
1067,73,пенсионер,True,20
1068,45,взрослый,True,15
1069,63,пенсионер,True,3
1070,35,взрослый,True,12
1071,20,студент,False,14
1072,66,пенсионер,True,8
1073,50,взрослый,False,3
1074,33,взрослый,False,7
1075,27,взрослый,False,12
1076,80,пенсионер,True,8
1077,49,взрослый,True,20
1078,80,пенсионер,False,2
1079,33,взрослый,True,20
1080,65,пенсионер,False,17
1081,45,взрослый,True,10
1082,51,взрослый,True,17
1083,76,пенсионер,False,6
1084,70,пенсионер,True,17
1085,53,взрослый,False,9
1086,64,пенсионер,True,19
1087,70,пенсионер,False,8
1088,58,взрослый,False,19
1089,37,взрослый,True,7
1090,77,пенсионер,False,19
1091,48,взрослый,False,9
1092,24,студент,True,8
1093,14,школьник,False,10
1094,79,пенсионер,True,18
1095,13,школьник,False,6
1096,22,студент,False,17
1097,12,школьник,True,19
1098,67,пенсионер,True,16
1099,69,пенсионер,True,20
1100,57,взрослый,True,7
1101,57,взрослый,False,19
1102,48,взрослый,False,20
1103,16,школьник,False,11
1104,66,пенсионер,False,2
1105,15,школьник,True,13
1106,59,взрослый,True,5
1107,12,школьник,False,7
1108,30,взрослый,False,1
1109,56,взрослый,False,2
1110,28,взрослый,False,11
1111,81,пенсионер,False,12
1112,38,взрослый,True,12
1113,34,взрослый,True,16
1114,79,пенсионер,True,11
1115,36,взрослый,True,18
1116,16,школьник,False,20
1117,45,взрослый,False,18
1118,62,пенсионер,True,7
1119,7,школьник,False,10
1120,44,взрослый,False,20
1121,69,пенсионер,True,2
1122,49,взрослый,True,5
1123,28,взрослый,True,13
1124,29,взрослый,False,2
1125,62,пенсионер,True,12
1126,81,пенсионер,True,3
1127,72,пенсионер,True,13
1128,81,пенсионер,False,16
1129,47,взрослый,True,12
1130,85,пенсионер,False,10
1131,55,взрослый,False,3
1132,50,взрослый,False,9
1133,74,пенсионер,True,17
1134,54,взрослый,False,7
1135,15,школьник,False,10
1136,72,пенсионер,False,20
1137,34,взрослый,False,8
1138,57,взрослый,True,2
1139,36,взрослый,False,10
1140,75,пенсионер,False,4
1141,54,взрослый,False,10
1142,49,взрослый,False,20
1143,8,школьник,True,2
1144,10,школьник,False,7
1145,36,взрослый,True,14
1146,41,взрослый,True,2
1147,64,пенсионер,False,12
1148,70,пенсионер,True,10
1149,77,пенсионер,False,13
1150,51,взрослый,True,19
1151,5,школьник,True,16
1152,40,взрослый,True,17
1153,29,взрослый,False,19
1154,62,пенсионер,False,16
1155,8,школьник,False,16
1156,12,школьник,False,19
1157,62,пенсионер,False,2
1158,8,школьник,False,5
1159,50,взрослый,True,15
1160,53,взрослый,False,19
1161,46,взрослый,True,10
1162,20,студент,True,15
1163,41,взрослый,False,8
1164,11,школьник,True,6
1165,7,школьник,True,9
1166,8,школьник,True,17
1167,40,взрослый,True,18
1168,56,взрослый,False,6
1169,23,студент,True,12
1170,80,пенсионер,False,1
1171,49,взрослый,True,19
1172,58,взрослый,True,10
1173,70,пенсионер,False,11
1174,41,взрослый,True,20
1175,42,взрослый,False,4
1176,24,студент,False,8
1177,41,взрослый,True,14
1178,63,пенсионер,True,9
1179,32,взрослый,False,3
1180,42,взрослый,True,17
1181,28,взрослый,False,13
1182,36,взрослый,True,18
1183,80,пенсионер,True,19
1184,5,школьник,True,11
1185,37,взрослый,False,1
1186,13,школьник,False,1
1187,18,школьник,False,5
1188,46,взрослый,True,7
1189,10,школьник,True,13
1190,85,пенсионер,False,13
1191,37,взрослый,True,16
1192,36,взрослый,True,7
1193,48,взрослый,True,20
1194,83,пенсионер,False,11
1195,54,взрослый,False,6
1196,53,взрослый,True,3
1197,17,школьник,True,10
1198,14,школьник,False,11
1199,14,школьник,False,10
1200,80,пенсионер,True,14
1201,38,взрослый,False,7
1202,50,взрослый,True,3
1203,41,взрослый,True,4
1204,81,пенсионер,True,17
1205,43,взрослый,False,7
1206,84,пенсионер,True,3
1207,32,взрослый,False,12
1208,61,пенсионер,True,15
1209,81,пенсионер,False,8
1210,57,взрослый,False,11
1211,33,взрослый,True,8
1212,24,студент,False,8
1213,29,взрослый,False,20
1214,20,студент,True,6
1215,48,взрослый,True,5
1216,24,студент,False,13
1217,51,взрослый,True,18
1218,26,взрослый,False,10
1219,74,пенсионер,True,8
1220,20,студент,True,5
1221,37,взрослый,True,1
1222,85,пенсионер,False,19
1223,53,взрослый,False,14
1224,43,взрослый,False,3
1225,29,взрослый,True,6
1226,12,школьник,False,3
1227,10,школьник,False,5
1228,50,взрослый,False,12
1229,76,пенсионер,True,18
1230,41,взрослый,True,12
1231,82,пенсионер,True,14
1232,13,школьник,True,19
1233,24,студент,True,3
1234,38,взрослый,True,13
1235,44,взрослый,False,15
1236,58,взрослый,False,3
1237,64,пенсионер,True,3
1238,39,взрослый,True,2
1239,69,пенсионер,False,18
1240,33,взрослый,False,13
1241,17,школьник,False,12
1242,28,взрослый,False,8
1243,41,взрослый,False,5
1244,43,взрослый,True,13
1245,70,пенсионер,True,3
1246,67,пенсионер,True,18
1247,31,взрослый,False,19
1248,65,пенсионер,True,2
1249,39,взрослый,True,18
1250,47,взрослый,True,6
1251,19,студент,False,12
1252,64,пенсионер,False,3
1253,41,взрослый,False,20
1254,52,взрослый,False,13
1255,6,школьник,False,13
1256,73,пенсионер,True,7
1257,18,школьник,False,12
1258,62,пенсионер,False,4
1259,19,студент,True,5
1260,28,взрослый,False,3
1261,42,взрослый,False,13
1262,40,взрослый,False,3
1263,33,взрослый,True,14
1264,82,пенсионер,False,3
1265,66,пенсионер,True,6
1266,73,пенсионер,False,17
1267,56,взрослый,False,6
1268,67,пенсионер,True,11
1269,62,пенсионер,True,4
1270,53,взрослый,True,20
1271,42,взрослый,True,13
1272,56,взрослый,False,4
1273,15,школьник,True,5
1274,65,пенсионер,False,15
1275,31,взрослый,True,20
1276,72,пенсионер,False,10
1277,8,школьник,False,5
1278,18,школьник,False,5
1279,68,пенсионер,True,18
1280,16,школьник,False,11
1281,56,взрослый,False,10
1282,52,взрослый,False,4
1283,68,пенсионер,False,6
1284,56,взрослый,True,9
1285,25,студент,True,2
1286,61,пенсионер,True,16
1287,33,взрослый,True,15
1288,24,студент,True,2
1289,63,пенсионер,True,12
1290,30,взрослый,False,6
1291,5,школьник,True,14
1292,34,взрослый,False,20
1293,53,взрослый,True,16
1294,7,школьник,False,4
1295,80,пенсионер,False,3
1296,26,взрослый,True,2
1297,33,взрослый,True,11
1298,46,взрослый,True,18
1299,29,взрослый,True,13
1300,20,студент,False,8
1301,77,пенсионер,True,17
1302,30,взрослый,True,6
1303,25,студент,True,15
1304,66,пенсионер,False,10
1305,39,взрослый,True,20
1306,85,пенсионер,True,6
1307,5,школьник,True,8
1308,62,пенсионер,True,16
1309,11,школьник,True,12
1310,41,взрослый,True,16
1311,14,школьник,True,4
1312,84,пенсионер,False,9
1313,12,школьник,False,13
1314,8,школьник,True,11
1315,10,школьник,True,10
1316,33,взрослый,False,6
1317,71,пенсионер,False,19
1318,16,школьник,False,4
1319,31,взрослый,True,16
1320,8,школьник,False,8
1321,81,пенсионер,True,15
1322,79,пенсионер,True,2
1323,29,взрослый,True,7
1324,18,школьник,True,2
1325,84,пенсионер,True,17
1326,65,пенсионер,True,6
1327,78,пенсионер,False,13
1328,45,взрослый,False,7
1329,51,взрослый,False,5
1330,79,пенсионер,True,3
1331,28,взрослый,True,14
1332,69,пенсионер,True,20
1333,66,пенсионер,False,14
1334,79,пенсионер,False,10
1335,67,пенсионер,True,10
1336,81,пенсионер,False,20
1337,61,пенсионер,False,13
1338,77,пенсионер,True,8
1339,63,пенсионер,False,1
1340,16,школьник,False,20
1341,44,взрослый,True,9
1342,33,взрослый,True,16
1343,73,пенсионер,True,9
1344,73,пенсионер,True,15
1345,23,студент,True,4
1346,23,студент,True,17
1347,54,взрослый,True,11
1348,16,школьник,True,1
1349,37,взрослый,True,12
1350,58,взрослый,True,10
1351,43,взрослый,True,3
1352,28,взрослый,True,14
1353,79,пенсионер,True,19
1354,12,школьник,False,19
1355,30,взрослый,False,19
1356,8,школьник,False,18
1357,24,студент,False,1
1358,7,школьник,False,13
1359,27,взрослый,False,19
1360,83,пенсионер,False,6
1361,18,школьник,False,20
1362,28,взрослый,False,3
1363,41,взрослый,True,12
1364,13,школьник,False,17
1365,57,взрослый,False,11
1366,53,взрослый,True,13
1367,31,взрослый,True,8
1368,15,школьник,True,7
1369,35,взрослый,True,10
1370,53,взрослый,False,1
1371,82,пенсионер,True,16
1372,36,взрослый,True,18
1373,25,студент,True,4
1374,45,взрослый,False,2
1375,60,пенсионер,False,12
1376,26,взрослый,True,4
1377,72,пенсионер,False,2
1378,35,взрослый,True,4
1379,44,взрослый,False,13
1380,45,взрослый,False,10
1381,82,пенсионер,False,19
1382,9,школьник,False,11
1383,26,взрослый,True,16
1384,25,студент,True,10
1385,36,взрослый,True,10
1386,16,школьник,True,3
1387,40,взрослый,False,11
1388,58,взрослый,False,10
1389,40,взрослый,False,16
1390,63,пенсионер,True,2
1391,5,школьник,True,12
1392,7,школьник,True,9
1393,50,взрослый,False,9
1394,24,студент,False,6
1395,32,взрослый,True,11
1396,73,пенсионер,True,5
1397,23,студент,False,6
1398,75,пенсионер,False,19
1399,61,пенсионер,True,18
1400,54,взрослый,False,13
1401,13,школьник,False,1
1402,14,школьник,True,15
1403,84,пенсионер,False,12
1404,6,школьник,False,9
1405,84,пенсионер,True,12
1406,65,пенсионер,False,13
1407,13,школьник,False,16
1408,28,взрослый,True,16
1409,71,пенсионер,False,1
1410,24,студент,False,13
1411,67,пенсионер,False,11
1412,40,взрослый,True,17
1413,69,пенсионер,False,7
1414,69,пенсионер,True,11
1415,30,взрослый,True,9
1416,32,взрослый,True,13
1417,48,взрослый,True,16
1418,57,взрослый,True,12
1419,6,школьник,False,2
1420,11,школьник,True,20
1421,84,пенсионер,True,16
1422,62,пенсионер,False,12
1423,74,пенсионер,True,18
1424,11,школьник,False,5
1425,68,пенсионер,True,12
1426,74,пенсионер,False,15
1427,43,взрослый,True,17
1428,9,школьник,False,17
1429,72,пенсионер,False,19
1430,18,школьник,False,2
1431,29,взрослый,True,19
1432,16,школьник,True,16
1433,15,школьник,True,18
1434,35,взрослый,False,20
1435,9,школьник,True,1
1436,24,студент,False,7
1437,59,взрослый,True,15
1438,80,пенсионер,True,11
1439,74,пенсионер,False,9
1440,16,школьник,False,8
1441,64,пенсионер,True,11
1442,81,пенсионер,False,19
1443,40,взрослый,True,19
1444,22,студент,True,17
1445,77,пенсионер,True,18
1446,47,взрослый,True,6
1447,66,пенсионер,False,20
1448,38,взрослый,True,14
1449,9,школьник,False,15
1450,71,пенсионер,True,15
1451,10,школьник,True,20
1452,30,взрослый,False,18
1453,68,пенсионер,False,15
1454,17,школьник,True,5
1455,29,взрослый,False,8
1456,78,пенсионер,True,6
1457,9,школьник,True,2
1458,64,пенсионер,False,1
1459,51,взрослый,False,2
1460,22,студент,False,14
1461,10,школьник,False,19
1462,9,школьник,True,20
1463,71,пенсионер,True,15
1464,75,пенсионер,True,6
1465,15,школьник,False,1
1466,44,взрослый,True,4
1467,76,пенсионер,True,14
1468,48,взрослый,True,2
1469,34,взрослый,True,12
1470,53,взрослый,True,10
1471,31,взрослый,False,15
1472,17,школьник,True,7
1473,45,взрослый,True,7
1474,80,пенсионер,False,20
1475,23,студент,False,9
1476,54,взрослый,True,14
1477,24,студент,True,5
1478,60,пенсионер,True,15
1479,16,школьник,False,16
1480,16,школьник,False,1
1481,56,взрослый,True,10
1482,68,пенсионер,True,4
1483,23,студент,True,11
1484,17,школьник,False,8
1485,48,взрослый,False,16
1486,24,студент,False,10
1487,82,пенсионер,True,15
1488,54,взрослый,True,3
1489,30,взрослый,True,2
1490,74,пенсионер,False,12
1491,60,пенсионер,True,10
1492,79,пенсионер,True,16
1493,55,взрослый,False,10
1494,84,пенсионер,False,3
1495,62,пенсионер,False,15
1496,52,взрослый,True,8
1497,17,школьник,False,11
1498,73,пенсионер,False,9
1499,63,пенсионер,True,6
1500,59,взрослый,True,3
1501,60,пенсионер,True,9
1502,65,пенсионер,False,7
1503,57,взрослый,False,13
1504,76,пенсионер,True,12
1505,41,взрослый,False,8
1506,48,взрослый,False,3
1507,46,взрослый,True,2
1508,45,взрослый,True,17
1509,60,пенсионер,True,16
1510,64,пенсионер,True,12
1511,32,взрослый,True,19
1512,13,школьник,False,14
1513,83,пенсионер,False,17
1514,49,взрослый,True,5
1515,56,взрослый,False,8
1516,80,пенсионер,True,17
1517,85,пенсионер,False,19
1518,37,взрослый,True,17
1519,29,взрослый,False,9
1520,10,школьник,True,12
1521,46,взрослый,True,18
1522,39,взрослый,True,2
1523,33,взрослый,False,7
1524,23,студент,False,10
1525,45,взрослый,False,14
1526,69,пенсионер,True,7
1527,46,взрослый,True,13
1528,55,взрослый,True,16
1529,66,пенсионер,True,17
1530,59,взрослый,False,15
1531,29,взрослый,False,17
1532,73,пенсионер,False,18
1533,54,взрослый,False,4
1534,82,пенсионер,False,4
1535,29,взрослый,True,1
1536,82,пенсионер,True,8
1537,28,взрослый,False,16
1538,65,пенсионер,True,6
1539,66,пенсионер,False,16
1540,23,студент,True,6
1541,32,взрослый,True,19
1542,5,школьник,False,11
1543,60,пенсионер,True,18
1544,76,пенсионер,True,19
1545,50,взрослый,False,16
1546,62,пенсионер,False,9
1547,61,пенсионер,False,20
1548,57,взрослый,True,20
1549,9,школьник,True,14
1550,82,пенсионер,True,3
1551,8,школьник,True,2
1552,81,пенсионер,True,10
1553,50,взрослый,True,1
1554,44,взрослый,False,18
1555,67,пенсионер,True,17
1556,78,пенсионер,True,14
1557,17,школьник,False,5
1558,25,студент,True,15
1559,11,школьник,True,6
1560,56,взрослый,True,14
1561,60,пенсионер,False,7
1562,43,взрослый,True,6
1563,84,пенсионер,False,2
1564,54,взрослый,False,13
1565,8,школьник,True,3
1566,52,взрослый,False,4
1567,55,взрослый,False,1
1568,65,пенсионер,True,18
1569,77,пенсионер,False,11
1570,70,пенсионер,True,2
1571,80,пенсионер,True,14
1572,58,взрослый,False,3
1573,58,взрослый,False,1
1574,65,пенсионер,False,12
1575,55,взрослый,False,8
1576,73,пенсионер,False,15
1577,52,взрослый,True,15
1578,16,школьник,False,12
1579,26,взрослый,True,10
1580,13,школьник,False,19
1581,19,студент,True,19
1582,7,школьник,False,7
1583,78,пенсионер,True,10
1584,10,школьник,True,9
1585,42,взрослый,False,4
1586,75,пенсионер,True,15
1587,59,взрослый,True,11
1588,12,школьник,True,16
1589,9,школьник,True,13
1590,45,взрослый,False,17
1591,80,пенсионер,True,7
1592,33,взрослый,False,20
1593,23,студент,True,13
1594,30,взрослый,True,16
1595,55,взрослый,False,20
1596,68,пенсионер,True,20
1597,9,школьник,True,13
1598,39,взрослый,True,18
1599,44,взрослый,True,17
1600,24,студент,True,19
1601,59,взрослый,True,19
1602,20,студент,False,8
1603,74,пенсионер,False,1
1604,45,взрослый,True,16
1605,55,взрослый,True,15
1606,85,пенсионер,True,11
1607,38,взрослый,False,13
1608,78,пенсионер,True,10
1609,22,студент,False,11
1610,44,взрослый,True,11
1611,46,взрослый,False,20
1612,79,пенсионер,True,17
1613,48,взрослый,True,7
1614,76,пенсионер,False,13
1615,46,взрослый,False,12
1616,76,пенсионер,True,9
1617,8,школьник,True,9
1618,17,школьник,False,17
1619,48,взрослый,True,19
1620,29,взрослый,False,13
1621,11,школьник,False,12
1622,29,взрослый,False,17
1623,25,студент,True,11
1624,77,пенсионер,False,1
1625,64,пенсионер,True,14
1626,21,студент,False,17
1627,52,взрослый,False,16
1628,39,взрослый,True,19
1629,10,школьник,False,16
1630,72,пенсионер,False,17
1631,38,взрослый,True,20
1632,47,взрослый,True,10
1633,83,пенсионер,False,15
1634,25,студент,False,19
1635,54,взрослый,True,20
1636,85,пенсионер,True,6
1637,29,взрослый,True,11
1638,10,школьник,True,8
1639,45,взрослый,True,10
1640,26,взрослый,False,17
1641,50,взрослый,True,18
1642,55,взрослый,True,11
1643,20,студент,True,20
1644,12,школьник,True,12
1645,77,пенсионер,True,15
1646,51,взрослый,False,8
1647,70,пенсионер,False,13
1648,74,пенсионер,False,8
1649,16,школьник,True,12
1650,50,взрослый,False,10
1651,26,взрослый,True,16
1652,63,пенсионер,True,7
1653,56,взрослый,True,8
1654,15,школьник,False,8
1655,44,взрослый,True,1
1656,37,взрослый,True,10
1657,83,пенсионер,True,20
1658,63,пенсионер,False,17
1659,38,взрослый,False,20
1660,8,школьник,True,1
1661,53,взрослый,True,7
1662,23,студент,True,20
1663,53,взрослый,True,4
1664,44,взрослый,False,13
1665,59,взрослый,True,11
1666,28,взрослый,True,12
1667,18,школьник,False,10
1668,53,взрослый,False,8
1669,5,школьник,True,20
1670,29,взрослый,False,9
1671,8,школьник,False,15
1672,62,пенсионер,False,3
1673,51,взрослый,True,11
1674,57,взрослый,False,6
1675,75,пенсионер,False,5
1676,50,взрослый,True,2
1677,27,взрослый,True,14
1678,66,пенсионер,True,18
1679,5,школьник,False,15
1680,57,взрослый,False,16
1681,74,пенсионер,True,20
1682,12,школьник,True,17
1683,31,взрослый,False,9
1684,12,школьник,True,20
1685,12,школьник,True,2
1686,30,взрослый,False,20
1687,11,школьник,True,6
1688,47,взрослый,False,20
1689,12,школьник,False,3
1690,72,пенсионер,False,5
1691,21,студент,True,12
1692,34,взрослый,True,8
1693,33,взрослый,False,16
1694,79,пенсионер,True,6
1695,70,пенсионер,True,13
1696,58,взрослый,True,5
1697,54,взрослый,True,4
1698,85,пенсионер,True,10
1699,78,пенсионер,True,5
1700,75,пенсионер,True,6
1701,47,взрослый,False,15
1702,42,взрослый,False,10
1703,47,взрослый,False,19
1704,35,взрослый,False,18
1705,33,взрослый,False,9
1706,14,школьник,True,7
1707,26,взрослый,False,15
1708,75,пенсионер,False,20
1709,59,взрослый,False,4
1710,20,студент,True,1
1711,17,школьник,False,10
1712,43,взрослый,False,4
1713,11,школьник,False,18
1714,58,взрослый,True,14
1715,33,взрослый,False,13
1716,55,взрослый,True,9
1717,37,взрослый,True,13
1718,45,взрослый,True,15
1719,84,пенсионер,True,1
1720,13,школьник,True,4
1721,12,школьник,False,15
1722,18,школьник,False,19
1723,82,пенсионер,False,8
1724,77,пенсионер,True,17
1725,46,взрослый,False,18
1726,60,пенсионер,False,10
1727,74,пенсионер,False,15
1728,47,взрослый,False,5
1729,16,школьник,False,11
1730,41,взрослый,True,14
1731,45,взрослый,False,1
1732,24,студент,True,10
1733,47,взрослый,False,5
1734,63,пенсионер,False,4
1735,35,взрослый,True,12
1736,83,пенсионер,False,14
1737,18,школьник,True,4
1738,51,взрослый,False,4
1739,31,взрослый,True,10
1740,17,школьник,True,7
1741,13,школьник,False,2
1742,31,взрослый,True,16
1743,67,пенсионер,False,9
1744,65,пенсионер,False,14
1745,65,пенсионер,True,17
1746,82,пенсионер,False,1
1747,6,школьник,True,7
1748,21,студент,True,13
1749,55,взрослый,True,3
1750,85,пенсионер,False,15
1751,19,студент,True,5
1752,75,пенсионер,True,10
1753,41,взрослый,True,9
1754,20,студент,False,14
1755,10,школьник,False,6
1756,81,пенсионер,False,11
1757,29,взрослый,False,11
1758,67,пенсионер,False,13
1759,72,пенсионер,True,10
1760,72,пенсионер,True,5
1761,62,пенсионер,False,17
1762,81,пенсионер,True,9
1763,72,пенсионер,False,8
1764,30,взрослый,True,7
1765,56,взрослый,True,9
1766,70,пенсионер,True,1
1767,7,школьник,True,20
1768,8,школьник,True,18
1769,65,пенсионер,False,3
1770,85,пенсионер,False,15
1771,29,взрослый,True,6
1772,21,студент,True,13
1773,30,взрослый,True,19
1774,83,пенсионер,False,8
1775,40,взрослый,True,1
1776,35,взрослый,False,12
1777,49,взрослый,False,2
1778,18,школьник,False,11
1779,31,взрослый,True,16
1780,85,пенсионер,True,2
1781,8,школьник,True,5
1782,80,пенсионер,True,2
1783,61,пенсионер,False,8
1784,66,пенсионер,False,11
1785,52,взрослый,False,2
1786,41,взрослый,False,13
1787,28,взрослый,True,1
1788,29,взрослый,False,20
1789,81,пенсионер,False,16
1790,49,взрослый,True,17
1791,10,школьник,True,20
1792,79,пенсионер,True,6
1793,7,школьник,True,17
1794,11,школьник,True,3
1795,34,взрослый,True,13
1796,40,взрослый,True,3
1797,18,школьник,False,14
1798,22,студент,True,15
1799,78,пенсионер,True,2
1800,74,пенсионер,True,12
1801,46,взрослый,False,2
1802,64,пенсионер,False,4
1803,36,взрослый,True,17
1804,46,взрослый,False,1
1805,11,школьник,True,15
1806,59,взрослый,True,2
1807,79,пенсионер,True,15
1808,25,студент,False,18
1809,5,школьник,True,17
1810,51,взрослый,True,11
1811,77,пенсионер,False,14
1812,30,взрослый,True,17
1813,78,пенсионер,False,10
1814,60,пенсионер,False,6
1815,41,взрослый,True,9
1816,19,студент,True,9
1817,84,пенсионер,True,11
1818,50,взрослый,False,19
1819,50,взрослый,False,6
1820,76,пенсионер,True,3
1821,60,пенсионер,False,5
1822,21,студент,True,10
1823,8,школьник,True,18
1824,63,пенсионер,False,15
1825,29,взрослый,False,8
1826,63,пенсионер,False,20
1827,77,пенсионер,False,8
1828,22,студент,False,13
1829,54,взрослый,False,16
1830,53,взрослый,True,7
1831,57,взрослый,True,15
1832,34,взрослый,False,19
1833,57,взрослый,False,9
1834,12,школьник,True,11
1835,60,пенсионер,False,10
1836,22,студент,True,5
1837,79,пенсионер,True,1
1838,42,взрослый,True,3
1839,15,школьник,True,2
1840,16,школьник,True,3
1841,50,взрослый,False,2
1842,9,школьник,True,16
1843,85,пенсионер,True,5
1844,46,взрослый,False,14
1845,39,взрослый,True,17
1846,66,пенсионер,False,5
1847,82,пенсионер,False,18
1848,75,пенсионер,True,13
1849,40,взрослый,True,13
1850,71,пенсионер,False,18
1851,6,школьник,False,20
1852,76,пенсионер,False,8
1853,43,взрослый,False,20
1854,66,пенсионер,False,17
1855,26,взрослый,True,5
1856,43,взрослый,False,3
1857,16,школьник,False,14
1858,21,студент,False,16
1859,23,студент,True,18
1860,11,школьник,False,19
1861,43,взрослый,True,11
1862,52,взрослый,True,18
1863,15,школьник,True,13
1864,60,пенсионер,False,3
1865,27,взрослый,True,13
1866,40,взрослый,True,8
1867,28,взрослый,True,19
1868,55,взрослый,True,11
1869,74,пенсионер,False,19
1870,24,студент,True,5
1871,84,пенсионер,False,20
1872,16,школьник,False,1
1873,34,взрослый,True,12
1874,26,взрослый,True,11
1875,22,студент,False,16
1876,42,взрослый,True,20
1877,28,взрослый,True,19
1878,15,школьник,False,7
1879,39,взрослый,False,3
1880,83,пенсионер,True,20
1881,73,пенсионер,False,17
1882,63,пенсионер,False,18
1883,21,студент,False,7
1884,47,взрослый,False,6
1885,31,взрослый,True,13
1886,19,студент,True,1
1887,28,взрослый,False,2
1888,30,взрослый,True,10
1889,43,взрослый,True,12
1890,19,студент,True,4
1891,16,школьник,True,20
1892,6,школьник,True,12
1893,31,взрослый,False,2
1894,77,пенсионер,False,4
1895,66,пенсионер,True,20
1896,27,взрослый,True,5
1897,21,студент,True,16
1898,42,взрослый,False,3
1899,27,взрослый,True,1
1900,64,пенсионер,True,15
1901,31,взрослый,True,20
1902,67,пенсионер,True,16
1903,46,взрослый,False,13
1904,28,взрослый,True,15
1905,82,пенсионер,False,16
1906,51,взрослый,False,13
1907,33,взрослый,False,13
1908,35,взрослый,False,7
1909,29,взрослый,False,9
1910,64,пенсионер,True,9
1911,8,школьник,True,17
1912,81,пенсионер,True,12
1913,84,пенсионер,True,1
1914,76,пенсионер,False,14
1915,73,пенсионер,False,4
1916,47,взрослый,False,12
1917,29,взрослый,False,3
1918,35,взрослый,False,19
1919,25,студент,True,15
1920,55,взрослый,False,16
1921,81,пенсионер,False,17
1922,37,взрослый,True,16
1923,47,взрослый,False,13
1924,55,взрослый,True,7
1925,43,взрослый,False,20
1926,55,взрослый,True,5
1927,63,пенсионер,False,13
1928,15,школьник,False,1
1929,49,взрослый,False,1
1930,72,пенсионер,True,2
1931,79,пенсионер,True,7
1932,43,взрослый,True,10
1933,23,студент,False,14
1934,44,взрослый,True,4
1935,24,студент,True,17
1936,74,пенсионер,False,4
1937,72,пенсионер,True,3
1938,56,взрослый,False,5
1939,11,школьник,True,2
1940,82,пенсионер,True,19
1941,73,пенсионер,False,18
1942,53,взрослый,False,6
1943,73,пенсионер,True,20
1944,81,пенсионер,False,15
1945,72,пенсионер,True,1
1946,17,школьник,True,8
1947,52,взрослый,True,2
1948,38,взрослый,False,16
1949,57,взрослый,False,7
1950,81,пенсионер,False,4
1951,56,взрослый,False,16
1952,84,пенсионер,True,20
1953,68,пенсионер,False,5
1954,23,студент,True,12
1955,9,школьник,True,19
1956,20,студент,True,20
1957,33,взрослый,True,6
1958,32,взрослый,True,19
1959,13,школьник,False,19
1960,59,взрослый,False,8
1961,32,взрослый,True,2
1962,56,взрослый,True,1
1963,79,пенсионер,False,5
1964,16,школьник,False,19
1965,39,взрослый,True,11
1966,71,пенсионер,False,19
1967,18,школьник,False,13
1968,35,взрослый,True,17
1969,57,взрослый,False,4
1970,55,взрослый,True,9
1971,73,пенсионер,False,19
1972,19,студент,True,20
1973,11,школьник,False,11
1974,73,пенсионер,True,18
1975,28,взрослый,True,4
1976,33,взрослый,False,20
1977,20,студент,False,4
1978,29,взрослый,False,12
1979,67,пенсионер,True,11
1980,79,пенсионер,False,18
1981,26,взрослый,True,20
1982,71,пенсионер,False,15
1983,75,пенсионер,True,11
1984,6,школьник,True,14
1985,80,пенсионер,True,20
1986,35,взрослый,True,14
1987,17,школьник,False,19
1988,10,школьник,False,6
1989,60,пенсионер,False,16
1990,13,школьник,False,5
1991,45,взрослый,False,5
1992,53,взрослый,False,12
1993,66,пенсионер,True,13
1994,52,взрослый,False,10
1995,52,взрослый,True,5
1996,69,пенсионер,True,9
1997,10,школьник,True,4
1998,9,школьник,True,19
1999,27,взрослый,True,15
2000,11,школьник,True,14
