product_id,product_name,category,subcategory,brand,price,purchase_price,weight_g,rating,in_stock,min_stock,supplier,warranty_months,is_new,is_discounted
1,Товар 1,Бытовая техника,Холодильники,LG,13270,9323.97,48550,4.8,44,42,ИП «Лыткина-Михеев»,12,True,True
2,Товар 2,Косметика,Декоративная косметика,Dior,600,288.69,35723,3.8,229,42,Рыбакова Инк,6,True,False
3,Товар 3,Автотовары,Другое,Собственный,3740,2194.83,6088,3.8,183,27,ЗАО «Бобылева»,24,False,False
4,Товар 4,Медицинские товары,Другое,Неизвестный,19620,9996.45,41208,4.2,441,28,ИП «Харитонов Рыбаков»,24,True,True
5,Товар 5,Косметика,Тело,L'Oreal,19840,11298.8,29724,4.3,186,15,ОАО «Турова»,6,False,False
6,Товар 6,Обувь,Сапоги,Adidas,9420,5079.75,17701,5.0,327,49,"ИП «Самсонов, Поляков и Маслов»",24,True,False
7,Товар 7,Одежда,Женская,Zara,11570,8388.25,37180,4.8,161,18,АО «Лобанова»,36,False,False
8,Товар 8,Канцтовары,Другое,Неизвестный,5020,2545.85,17229,4.5,219,42,Авеста Фармацевтика (Baby Dream),12,False,False
9,Товар 9,Книги,Бизнес-литература,"Манн, Иванов и Фербер",1130,790.62,41130,3.3,348,32,ОАО «Орлов-Колобов»,24,True,False
10,Товар 10,Хозтовары,Другое,Локальный,27440,11131.56,762,4.4,58,48,ООО «Белоусова Дмитриев»,24,False,False
11,Товар 11,Бытовая техника,Пылесосы,Philips,12450,5748.48,47174,3.5,256,16,Тихонов Лтд,24,True,False
12,Товар 12,Садовый инвентарь,Другое,Локальный,3110,2078.57,34767,4.8,306,25,Полюс,12,True,False
13,Товар 13,Мебель,Спальня,Икеа,20960,15033.25,47976,4.0,35,39,Мамонтов Лимитед,3,True,False
14,Товар 14,Медицинские товары,Другое,Неизвестный,6430,3556.55,13890,4.9,386,49,Сахалин Энерджи,3,False,False
15,Товар 15,Строительные материалы,Другое,Собственный,15400,9639.27,4206,3.7,301,40,"ООО «Князева, Мухина и Гаврилова»",3,True,True
16,Товар 16,Одежда,Женская,Zara,16510,11919.57,15607,3.6,248,18,Горбачев Лимитед,24,True,False
17,Товар 17,Косметика,Парфюмерия,MAC,3030,1668.76,27769,3.8,442,8,Государственная транспортная лизинговая компания,36,True,False
18,Товар 18,Автотовары,Другое,Неизвестный,4240,2307.37,27658,3.4,236,20,"ЗАО «Степанова, Галкина и Гурьев»",0,False,True
19,Товар 19,Медицинские товары,Другое,Неизвестный,30460,13139.95,10909,3.8,246,18,АО «Дмитриева-Ильин»,12,True,False
20,Товар 20,Хозтовары,Другое,Собственный,19350,11781.43,45661,4.9,401,40,ОАО «Полякова Моисеева»,36,False,True
21,Товар 21,Спорттовары,Тренажеры,Under Armour,10340,6166.04,3296,4.2,257,38,ЗАО «Александров-Егоров»,3,True,False
22,Товар 22,Обувь,Сапоги,Nike,9200,6369.86,37344,3.5,304,7,ООО «Дементьев-Копылова»,24,True,False
23,Товар 23,Садовый инвентарь,Другое,Собственный,18630,8626.2,15652,3.5,67,47,Щекиноазот,36,False,False
24,Товар 24,Автотовары,Другое,Неизвестный,330,167.33,6562,3.1,109,37,"РАО «Нестерова, Васильев и Кошелев»",6,True,False
25,Товар 25,Обувь,Туфли,Reebok,5990,3067.16,19835,4.2,413,46,НПО «Мельников-Виноградова»,24,True,False
26,Товар 26,Бытовая техника,Стиральные машины,LG,9340,4754.7,17858,3.6,107,50,"НПО «Козлова, Сидоров и Никонов»",6,True,False
27,Товар 27,Садовый инвентарь,Другое,Собственный,4660,3427.68,41578,3.8,141,7,"ИП «Воронова, Рыбаков и Алексеева»",0,False,False
28,Товар 28,Продукты питания,Мясо,Магнит,1930,1469.12,4941,4.9,353,14,Тинькофф Банк,24,True,False
29,Товар 29,Медицинские товары,Другое,Неизвестный,6200,3569.68,2624,4.8,107,48,ООО «Симонов»,3,True,False
30,Товар 30,Медицинские товары,Другое,Собственный,29340,12171.55,15524,4.7,499,16,ЗАО «Лыткина-Ильин»,12,True,False
31,Товар 31,Автотовары,Другое,Собственный,24070,10590.01,17495,3.3,359,11,ЗАО «Кабанова-Волков»,12,True,False
32,Товар 32,Косметика,Волосы,MAC,10700,4560.73,14619,3.0,98,30,Кошелев Лтд,6,False,False
33,Товар 33,Продукты питания,Овощи и фрукты,Пятерочка,2740,1408.41,1818,3.2,496,21,"АО «Шаров, Логинова и Куликова»",3,False,True
34,Товар 34,Ювелирные изделия,Другое,Собственный,367640,181329.49,33526,3.2,460,41,Логинова и партнеры,3,False,False
35,Товар 35,Электроника,Фотоаппараты,LG,207010,94766.1,12922,3.7,35,47,АО «Казакова-Овчинникова»,6,False,False
36,Товар 36,Мебель,Детская,Сокол,72000,33699.11,36343,3.3,215,47,Метафракс,12,True,False
37,Товар 37,Хозтовары,Другое,Локальный,12730,8198.06,38019,4.2,164,34,АО «Лебедева»,12,False,False
38,Товар 38,Игрушки,Конструкторы,Hasbro,10400,6109.7,49236,3.5,158,19,АО «Баранов»,3,True,True
39,Товар 39,Зоотовары,Другое,Локальный,12900,7175.55,41282,4.2,367,49,Тойота Мотор (Toyota),12,False,False
40,Товар 40,Косметика,Волосы,L'Oreal,27780,11756.83,27872,3.4,411,49,РАО «Николаев-Петрова»,24,False,False
41,Товар 41,Бытовая техника,Микроволновки,Samsung,96250,38723.93,39033,3.6,386,33,ОАО «Тарасов-Давыдов»,24,False,False
42,Товар 42,Игрушки,Настольные игры,Ravensburger,5150,2493.15,34173,4.0,122,22,"ЗАО «Мясникова, Андреев и Веселова»",12,True,False
43,Товар 43,Косметика,Тело,Maybelline,5320,3632.06,15165,3.8,78,50,Дементьева Групп,3,True,False
44,Товар 44,Ювелирные изделия,Другое,Собственный,224120,144762.85,27544,3.8,394,42,АО «Лукина»,36,True,False
45,Товар 45,Зоотовары,Другое,Неизвестный,16330,9233.82,27470,4.1,376,39,НПО «Щербаков»,24,True,False
46,Товар 46,Косметика,Тело,MAC,10610,5044.78,26507,4.4,430,34,Сергеев Групп,3,True,False
47,Товар 47,Электроника,Смартфоны,Sony,23050,16942.26,24854,3.7,232,25,"ИП «Сазонова, Нестерова и Гришина»",6,False,False
48,Товар 48,Ювелирные изделия,Другое,Собственный,498640,226775.11,3423,5.0,179,19,ИП «Рыбакова-Фадеев»,36,True,False
49,Товар 49,Косметика,Волосы,L'Oreal,10980,5877.84,7506,4.1,111,34,ЗАО «Алексеева Степанова»,36,False,False
50,Товар 50,Игрушки,Мягкие игрушки,Disney,26500,11865.95,10742,4.9,55,42,"ИП «Фадеева, Медведев и Якушева»",0,False,False
51,Товар 51,Хозтовары,Другое,Локальный,5370,2337.53,15925,3.2,395,24,"НПО «Лобанов, Кузнецова и Фомичева»",36,True,False
52,Товар 52,Ювелирные изделия,Другое,Локальный,180710,105711.44,27538,4.6,54,32,Евраз,6,False,False
53,Товар 53,Садовый инвентарь,Другое,Локальный,6840,3517.24,31696,3.9,422,42,Пономарева Лимитед,6,False,False
54,Товар 54,Обувь,Ботинки,Puma,5430,2671.65,24847,3.7,253,25,"ИП «Лихачева, Волков и Алексеев»",3,False,False
55,Товар 55,Продукты питания,Овощи и фрукты,Перекресток,4390,2690.19,675,4.0,97,10,НПО «Меркушева»,3,False,False
56,Товар 56,Медицинские товары,Другое,Неизвестный,15530,8219.64,1140,3.2,113,30,АО «Максимова»,36,True,False
57,Товар 57,Строительные материалы,Другое,Собственный,13960,5591.81,36080,3.7,359,34,Борисов Инк,6,False,False
58,Товар 58,Косметика,Лицо,Nivea,9700,3973.5,45240,3.4,110,35,РАО «Мартынова-Семенова»,6,False,False
59,Товар 59,Мебель,Спальня,Сокол,16010,8248.94,17987,3.1,27,40,НПО «Гусева-Субботин»,6,True,False
60,Товар 60,Бытовая техника,Холодильники,Miele,22460,13143.76,3377,3.5,441,35,"ЗАО «Сафонов, Субботина и Фролов»",0,True,False
61,Товар 61,Зоотовары,Другое,Неизвестный,10400,7018.38,36896,4.9,43,20,РАО «Борисова-Александров»,0,False,False
62,Товар 62,Хозтовары,Другое,Собственный,17840,8893.39,28113,3.6,317,8,АО «Дементьева-Котова»,24,True,False
63,Товар 63,Продукты питания,Молочные продукты,Ашан,1040,699.83,26782,3.9,304,35,Панфилова Групп,6,True,False
64,Товар 64,Мебель,Офисная,Икеа,105940,47182.96,40973,4.2,411,17,ООО «Турова Овчинникова»,12,True,False
65,Товар 65,Продукты питания,Мясо,ВкусВилл,440,220.17,37313,4.8,224,12,ОАО «Селезнев-Наумов»,12,False,False
66,Товар 66,Продукты питания,Сладости,Пятерочка,1430,1057.91,28323,4.5,309,21,Гала-Форм,0,True,False
67,Товар 67,Электроника,Телевизоры,LG,15010,8052.39,42707,3.9,142,16,АО «Щербаков Кириллов»,24,False,False
68,Товар 68,Обувь,Сандалии,Reebok,5820,4082.77,10549,3.7,355,36,Богданов Лтд,6,False,False
69,Товар 69,Автотовары,Другое,Собственный,8060,4514.77,33734,4.6,0,47,"ЗАО «Авдеева, Беспалов и Герасимова»",24,False,False
70,Товар 70,Одежда,Женская,Gucci,9380,4576.24,49816,3.1,136,40,ИП «Муравьев-Волков»,3,False,False
71,Товар 71,Зоотовары,Другое,Неизвестный,900,397.29,46526,3.3,282,5,ЗАО «Маслова-Кудряшова»,24,False,False
72,Товар 72,Бытовая техника,Микроволновки,Bosch,56690,23434.57,19137,4.0,139,31,Курганмашзавод,12,False,False
73,Товар 73,Книги,Учебники,АСТ,24000,10190.45,4585,3.6,404,31,АО «Журавлева»,6,False,False
74,Товар 74,Мебель,Детская,Леруа Мерлен,80760,54630.98,35306,4.0,170,40,ГК 1520,24,False,False
75,Товар 75,Автотовары,Другое,Неизвестный,16280,9252.39,26930,3.1,381,35,Соколов Лтд,36,False,False
76,Товар 76,Книги,Учебники,Эксмо,3060,1801.46,6587,4.7,225,11,"ЗАО «Одинцов, Исаков и Игнатьев»",24,False,False
77,Товар 77,Ювелирные изделия,Другое,Локальный,458770,205005.3,17378,3.7,354,30,НПО «Лебедева-Новикова»,36,True,False
78,Товар 78,Медицинские товары,Другое,Собственный,26540,11224.14,31988,4.7,18,44,Абрамов Лтд,0,True,False
79,Товар 79,Косметика,Лицо,MAC,26360,12291.45,6596,3.9,355,24,Тарасова Групп,0,True,False
80,Товар 80,Одежда,Детская,Nike,6500,3353.86,37098,4.4,92,15,ОАО «Мельников»,3,True,False
81,Товар 81,Косметика,Парфюмерия,Dior,2550,1587.06,16743,4.3,460,34,"ЗАО «Чернова, Кудряшова и Казакова»",6,True,False
82,Товар 82,Строительные материалы,Другое,Локальный,8870,4168.27,29949,4.7,101,29,Алтайвагон,12,True,False
83,Товар 83,Строительные материалы,Другое,Локальный,4840,3651.3,43147,3.8,4,41,ООО «Давыдова Силина»,36,True,False
84,Товар 84,Мебель,Спальня,Леруа Мерлен,57490,37622.8,16435,4.4,369,47,"ООО «Фомичев, Доронин и Кулагина»",36,True,False
85,Товар 85,Одежда,Детская,Adidas,570,389.2,19350,3.7,212,16,ИП «Лаврентьев Матвеева»,3,True,False
86,Товар 86,Садовый инвентарь,Другое,Локальный,19080,11865.27,31588,4.9,151,26,ОАО «Кузьмина»,0,False,True
87,Товар 87,Косметика,Парфюмерия,Dior,6190,4701.88,35174,3.2,188,48,ООО «Васильева»,36,False,False
88,Товар 88,Строительные материалы,Другое,Неизвестный,14970,7325.32,36802,3.7,312,19,Лобанов и партнеры,36,True,False
89,Товар 89,Мебель,Офисная,Икеа,18860,11323.91,32294,3.2,120,39,Сидорова Лтд,3,False,False
90,Товар 90,Строительные материалы,Другое,Локальный,22530,11565.5,38501,4.5,79,31,ООО «Макарова Пахомов»,36,True,False
91,Товар 91,Ювелирные изделия,Другое,Собственный,24380,13305.97,15483,4.7,50,48,АО «Капустина»,6,False,False
92,Товар 92,Спорттовары,Тренажеры,Puma,1840,892.17,1409,3.1,170,20,ОАО «Шилова»,3,True,False
93,Товар 93,Медицинские товары,Другое,Неизвестный,11970,7578.26,9680,4.6,305,5,ИП «Афанасьева-Овчинникова»,6,True,False
94,Товар 94,Игрушки,Конструкторы,LEGO,3100,1381.79,38601,3.6,89,21,ЗАО «Федосеева Субботин»,0,True,False
95,Товар 95,Садовый инвентарь,Другое,Неизвестный,18110,8109.85,33645,4.2,231,37,РАО «Горбунова»,3,True,False
96,Товар 96,Канцтовары,Другое,Локальный,15120,8065.54,26330,3.9,55,36,"ИП «Романова, Зайцев и Лазарев»",36,False,False
97,Товар 97,Автотовары,Другое,Локальный,2740,1336.27,38372,4.1,166,29,"АО «Шилов, Волков и Тетерин»",24,False,False
98,Товар 98,Садовый инвентарь,Другое,Локальный,7940,5525.08,42917,4.3,393,40,Князева Инкорпорэйтед,36,True,False
99,Товар 99,Канцтовары,Другое,Неизвестный,9610,5402.89,47825,3.2,218,25,ООО «Пестов»,36,False,False
100,Товар 100,Книги,Учебники,Эксмо,1480,815.2,48807,4.5,415,13,ИП «Лыткин»,24,True,False
101,Товар 101,Бытовая техника,Микроволновки,LG,86510,47860.19,47265,3.1,147,43,Лихачева Лимитед,6,False,False
102,Товар 102,Спорттовары,Велосипеды,Puma,4570,1973.11,24098,3.2,142,41,АО «Логинова Комарова»,3,False,False
103,Товар 103,Продукты питания,Молочные продукты,Ашан,2120,881.9,23014,3.0,445,14,Таграс (ТНГ-Групп),24,False,True
104,Товар 104,Электроника,Смартфоны,LG,42200,24693.82,24261,3.6,166,41,ООО «Соловьев»,24,True,True
105,Товар 105,Одежда,Мужская,Nike,9540,4701.58,27153,3.5,386,37,Пономарева Групп,0,False,False
106,Товар 106,Бытовая техника,Пылесосы,Miele,32480,23980.0,25913,5.0,28,5,Нефтиса,3,False,False
107,Товар 107,Продукты питания,Овощи и фрукты,Перекресток,640,353.65,8476,3.8,360,19,Порше Руссланд (Porsche),24,False,False
108,Товар 108,Одежда,Спортивная,Zara,6560,3915.69,28143,4.1,363,45,ЗАО «Миронова»,12,False,False
109,Товар 109,Автотовары,Другое,Неизвестный,21590,9394.11,23724,3.2,432,11,ИП «Кабанова-Жданова»,3,False,False
110,Товар 110,Садовый инвентарь,Другое,Неизвестный,6710,3932.71,21837,4.6,39,37,ИП «Волкова Фокин»,36,True,False
111,Товар 111,Строительные материалы,Другое,Собственный,21440,9410.75,15494,3.2,131,17,А Групп,3,True,True
112,Товар 112,Зоотовары,Другое,Собственный,17450,9490.7,37004,4.3,319,25,Крок инкорпорейтед,36,False,False
113,Товар 113,Зоотовары,Другое,Собственный,16260,8091.38,23074,4.0,158,34,Сиско Солюшенз (Cisco),12,True,False
114,Товар 114,Мебель,Гостиная,Икеа,64180,34593.55,36337,4.9,378,7,ЗАО «Носков Кузьмин»,12,True,False
115,Товар 115,Зоотовары,Другое,Локальный,1850,1298.44,22517,5.0,43,37,"ИП «Ершов, Потапова и Кузьмина»",36,True,False
116,Товар 116,Канцтовары,Другое,Собственный,10660,6137.77,18549,3.8,396,26,Федосеев и партнеры,36,True,False
117,Товар 117,Обувь,Ботинки,Nike,9260,5780.65,43038,4.9,308,14,"НПО «Тихонов, Ефимов и Некрасов»",6,True,False
118,Товар 118,Мебель,Офисная,Шатура,69160,41373.97,24696,4.3,168,13,"АО «Рожков, Козлов и Фадеева»",36,True,False
119,Товар 119,Садовый инвентарь,Другое,Собственный,560,228.0,22405,4.9,248,17,ООО «Филиппова-Орлова»,3,True,True
120,Товар 120,Бытовая техника,Кофеварки,Miele,60070,44654.69,22080,4.8,316,13,ОАО «Калашников-Копылова»,24,False,True
121,Товар 121,Игрушки,Настольные игры,LEGO,7910,4989.73,29121,4.2,385,33,ООО «Громов-Селезнев»,3,True,False
122,Товар 122,Зоотовары,Другое,Неизвестный,12600,5076.34,30266,4.5,398,29,ЗАО «Щукина-Орехов»,24,False,False
123,Товар 123,Книги,Детские книги,Эксмо,16740,8515.99,6733,4.4,264,12,ИП «Бирюков»,6,True,False
124,Товар 124,Садовый инвентарь,Другое,Неизвестный,17020,7112.91,29575,4.8,476,6,РАО «Марков Колесников»,12,True,False
125,Товар 125,Садовый инвентарь,Другое,Собственный,5860,3346.52,1857,3.6,50,50,Стройтранснефтегаз,36,False,True
126,Товар 126,Мебель,Офисная,Шатура,84440,41424.26,5202,3.0,110,14,АО «Котова»,24,False,False
127,Товар 127,Косметика,Тело,L'Oreal,1240,552.36,29967,3.1,428,36,ЗАО «Якушева»,24,True,False
128,Товар 128,Мебель,Офисная,Икеа,53230,29575.04,43550,4.3,268,28,Джонсон & Джонсон (Johnson & Johnson),0,True,False
129,Товар 129,Зоотовары,Другое,Неизвестный,14200,8852.37,1074,3.7,34,27,"АО «Абрамова, Тимофеева и Субботина»",3,True,False
130,Товар 130,Книги,Художественная литература,Питер,10670,7062.47,44881,3.9,356,35,"ОАО «Тетерин, Осипова и Федотова»",36,True,True
131,Товар 131,Канцтовары,Другое,Неизвестный,3780,2453.86,2756,3.6,158,37,РАО «Шаров»,12,False,False
132,Товар 132,Одежда,Женская,Nike,10690,4569.02,21763,3.5,409,28,"ОАО «Терентьева, Комиссарова и Григорьев»",12,False,False
133,Товар 133,Хозтовары,Другое,Собственный,20280,10690.22,34041,3.5,42,32,"ЗАО «Орехов, Сазонов и Никонова»",0,False,False
134,Товар 134,Автотовары,Другое,Неизвестный,1690,1013.1,39503,4.4,85,49,Ковалев Лимитед,12,False,False
135,Товар 135,Одежда,Детская,Gucci,23840,9629.58,3769,3.2,326,30,Гришина и партнеры,6,True,True
136,Товар 136,Канцтовары,Другое,Неизвестный,2550,1229.72,23743,3.8,290,7,Мерседес-Бенц Рус (Mercedes-Benz),24,True,False
137,Товар 137,Строительные материалы,Другое,Собственный,5540,3779.83,24058,3.8,332,22,РАО «Михайлова»,3,True,False
138,Товар 138,Зоотовары,Другое,Локальный,7160,4434.91,17068,4.4,109,44,Чернова и партнеры,6,False,True
139,Товар 139,Обувь,Сандалии,Adidas,13480,9594.91,44700,4.9,163,47,АО «Полякова-Гущина»,6,True,False
140,Товар 140,Мебель,Спальня,Шатура,63900,44203.81,13181,4.6,121,36,НПО «Колесников Овчинникова»,0,False,False
141,Товар 141,Канцтовары,Другое,Локальный,2460,1784.56,26103,5.0,368,35,ЗАО «Горшкова»,24,False,False
142,Товар 142,Обувь,Туфли,Reebok,14580,6892.06,22588,3.3,424,40,Некрасов Лтд,36,True,False
143,Товар 143,Одежда,Мужская,Gucci,2380,1413.36,46496,3.5,485,38,ОАО «Тарасов-Меркушев»,6,True,False
144,Товар 144,Спорттовары,Аксессуары,Reebok,2470,1271.73,32946,4.3,303,42,"ОАО «Якушев, Харитонова и Горбунова»",3,True,False
145,Товар 145,Одежда,Мужская,Zara,1190,595.21,42682,3.4,292,31,ИП «Дмитриева-Евдокимова»,24,True,False
146,Товар 146,Медицинские товары,Другое,Собственный,10070,6316.33,44901,3.8,232,9,ИП «Пахомова»,36,True,False
147,Товар 147,Зоотовары,Другое,Собственный,4060,2421.15,47088,3.6,440,27,РАО «Панова Макаров»,12,True,False
148,Товар 148,Садовый инвентарь,Другое,Локальный,1510,1045.72,29474,3.5,49,8,ООО «Бурова»,6,False,False
149,Товар 149,Косметика,Волосы,Maybelline,17590,11514.22,10452,4.0,263,34,"НПО «Носкова, Ильин и Никитина»",12,False,False
150,Товар 150,Электроника,Смартфоны,Sony,111340,71458.17,23137,3.1,144,36,Группа агропредприятий Ресурс,24,False,False
151,Товар 151,Медицинские товары,Другое,Неизвестный,21170,8975.89,47687,3.7,206,28,ТГК-2,0,False,False
152,Товар 152,Спорттовары,Спортивная одежда,Under Armour,5550,3014.52,36045,3.6,319,48,"НПО «Тетерин, Чернова и Фомина»",24,True,False
153,Товар 153,Хозтовары,Другое,Собственный,19380,7986.7,49487,3.3,308,37,Наумов Инкорпорэйтед,12,True,True
154,Товар 154,Автотовары,Другое,Собственный,11010,4640.13,9170,3.7,313,25,"АО «Кузьмина, Ширяев и Кириллов»",3,False,False
155,Товар 155,Автотовары,Другое,Локальный,19960,9281.51,19657,3.9,8,28,ОАО «Никитин»,6,True,False
156,Товар 156,Мебель,Гостиная,Леруа Мерлен,75780,33840.27,37920,4.2,369,8,НПО «Абрамова»,24,False,False
157,Товар 157,Хозтовары,Другое,Неизвестный,15450,7775.74,45919,3.2,9,33,Загорский трубный завод,6,False,False
158,Товар 158,Спорттовары,Инвентарь,Under Armour,24640,10495.26,48233,4.5,361,13,"РАО «Некрасова, Евдокимова и Сергеев»",24,True,False
159,Товар 159,Зоотовары,Другое,Локальный,9670,5220.43,34949,3.7,181,48,РАО «Дьячкова Тихонов»,36,False,False
160,Товар 160,Спорттовары,Велосипеды,Reebok,12930,5238.32,19514,4.5,360,18,Касторама Рус (Castorama),36,False,False
161,Товар 161,Зоотовары,Другое,Собственный,16580,7656.41,18870,3.2,346,39,"НПО «Хохлов, Семенова и Устинов»",12,False,False
162,Товар 162,Книги,Детские книги,Эксмо,6140,3577.25,29001,4.3,382,35,ОАО «Горбачева-Сысоева»,3,True,False
163,Товар 163,Медицинские товары,Другое,Локальный,5220,2382.5,15691,3.5,342,38,Нестерова Лимитед,3,True,True
164,Товар 164,Автотовары,Другое,Локальный,8410,5741.9,36077,5.0,80,31,ИП «Фадеева-Фомина»,36,False,False
165,Товар 165,Спорттовары,Спортивная одежда,Reebok,5370,2414.49,42759,4.1,273,7,Горбачев Лтд,3,False,False
166,Товар 166,Одежда,Спортивная,Adidas,5580,2378.61,18980,4.8,4,24,Морской терминал Тамань,24,True,False
167,Товар 167,Мебель,Офисная,Леруа Мерлен,52470,35911.93,33054,3.9,98,12,ИП «Савина Маркова»,6,True,False
168,Товар 168,Продукты питания,Мясо,ВкусВилл,4670,2355.37,49639,3.4,312,45,НПО «Красильников Королева»,12,False,False
169,Товар 169,Обувь,Сандалии,Nike,2820,1670.19,16266,3.0,196,20,Красильников и партнеры,12,False,False
170,Товар 170,Мебель,Детская,Леруа Мерлен,5220,2449.55,4081,4.3,238,24,Верисел-трейдинг,3,False,False
171,Товар 171,Бытовая техника,Пылесосы,LG,33970,23259.35,10049,3.9,310,28,ТМК,12,False,False
172,Товар 172,Обувь,Сапоги,Puma,12950,5395.89,7363,3.1,280,37,"РАО «Вишнякова, Кулагина и Мартынова»",3,True,False
173,Товар 173,Садовый инвентарь,Другое,Собственный,2230,1113.97,5969,4.8,228,8,Корнилов Лтд,12,True,False
174,Товар 174,Канцтовары,Другое,Локальный,1530,672.83,47410,3.0,130,5,Белоусова Инк,36,True,True
175,Товар 175,Строительные материалы,Другое,Локальный,2310,955.76,4533,5.0,241,7,ОАО «Крылов»,6,False,False
176,Товар 176,Ювелирные изделия,Другое,Собственный,598940,255570.2,24749,3.8,349,47,Мамонтова Лимитед,24,True,False
177,Товар 177,Бытовая техника,Стиральные машины,Miele,35410,14311.12,237,4.5,500,24,Металлстандарт,12,False,False
178,Товар 178,Косметика,Волосы,MAC,8180,3373.35,47525,4.5,16,47,"НПО «Симонов, Игнатов и Титова»",12,True,False
179,Товар 179,Бытовая техника,Кофеварки,Bosch,51980,22152.62,16048,4.5,205,33,Омега Групп,3,True,True
180,Товар 180,Мебель,Спальня,Леруа Мерлен,41430,19660.32,21025,3.5,448,14,Зыкова и партнеры,36,True,False
181,Товар 181,Мебель,Кухня,Икеа,71840,32918.46,11487,4.3,218,40,Устинова Инк,12,True,False
182,Товар 182,Хозтовары,Другое,Локальный,5000,3381.82,24681,3.4,275,35,АО «Кулакова»,3,True,False
183,Товар 183,Книги,Учебники,Эксмо,15350,7794.91,8797,3.8,130,18,ИП «Петрова-Меркушева»,6,True,False
184,Товар 184,Строительные материалы,Другое,Неизвестный,9510,6980.77,24728,4.3,308,7,ЗАО «Гущина»,0,True,False
185,Товар 185,Автотовары,Другое,Собственный,18780,7745.95,48603,3.2,386,35,"ИП «Овчинникова, Петухова и Мясникова»",3,True,False
186,Товар 186,Косметика,Декоративная косметика,Maybelline,15500,7986.9,23554,3.6,184,37,НПО «Владимирова»,12,False,False
187,Товар 187,Зоотовары,Другое,Собственный,16800,9352.7,36875,4.7,379,14,Водоканал Санкт-Петербурга,0,False,False
188,Товар 188,Мебель,Спальня,Шатура,41370,17986.74,32732,4.1,483,48,ОАО «Исакова»,6,False,False
189,Товар 189,Зоотовары,Другое,Собственный,3310,2201.43,47216,4.1,94,39,ООО «Комарова Савельева»,36,True,False
190,Товар 190,Обувь,Кроссовки,Nike,8550,5422.25,46355,3.3,111,37,РАО «Зуева-Белякова»,12,False,False
191,Товар 191,Зоотовары,Другое,Локальный,7740,3942.78,786,3.0,369,22,"ИП «Нестеров, Шестакова и Носова»",24,False,False
192,Товар 192,Ювелирные изделия,Другое,Неизвестный,39600,26779.32,12588,4.2,129,27,ОАО «Максимов»,6,False,False
193,Товар 193,Хозтовары,Другое,Собственный,12420,7907.24,44839,4.7,41,46,Воронов и партнеры,36,True,False
194,Товар 194,Хозтовары,Другое,Локальный,12130,5657.58,5428,4.0,222,46,"ЗАО «Пестова, Кузнецов и Смирнов»",6,True,False
195,Товар 195,Зоотовары,Другое,Собственный,1050,433.53,35598,4.1,16,16,Андреева Инк,6,True,False
196,Товар 196,Хозтовары,Другое,Неизвестный,6820,3446.78,25513,4.4,276,26,ИП «Ильин Белоусова»,12,True,False
197,Товар 197,Строительные материалы,Другое,Неизвестный,1340,959.93,39670,4.5,488,43,Белоусов Лтд,12,False,False
198,Товар 198,Канцтовары,Другое,Собственный,4600,2625.8,12182,4.4,338,29,"АО «Архипова, Носкова и Русакова»",0,False,False
199,Товар 199,Обувь,Ботинки,Adidas,7230,4866.65,25544,3.6,54,10,ООО «Белов-Сазонова»,0,False,False
200,Товар 200,Строительные материалы,Другое,Собственный,1650,909.66,36512,4.1,208,11,ОАО «Алексеев»,0,True,False
201,Товар 201,Медицинские товары,Другое,Неизвестный,17780,7610.51,818,3.6,198,10,Красильникова Инк,36,True,False
202,Товар 202,Игрушки,Куклы,Hasbro,4590,3338.31,28496,3.6,153,35,ЗАО «Давыдов Тетерин»,0,False,False
203,Товар 203,Косметика,Парфюмерия,Dior,9720,6648.04,453,4.9,170,44,"ОАО «Исаев, Цветкова и Гаврилов»",12,False,False
204,Товар 204,Автотовары,Другое,Собственный,26520,10741.39,8931,3.6,308,49,НПО «Белозерова Петухов»,3,False,False
205,Товар 205,Игрушки,Настольные игры,Hasbro,6780,3589.96,37750,4.6,166,29,ОАО «Жданова»,6,False,False
206,Товар 206,Бытовая техника,Кофеварки,Samsung,57540,27166.25,36061,3.1,372,34,"ИП «Быкова, Тимофеев и Сорокин»",36,True,False
207,Товар 207,Мебель,Гостиная,Ангстрем,50170,30162.43,16569,4.3,366,32,РАО «Лихачев-Владимирова»,12,True,False
208,Товар 208,Зоотовары,Другое,Локальный,10720,4457.83,45341,3.8,18,28,НПО «Горбунова Яковлева»,36,True,False
209,Товар 209,Строительные материалы,Другое,Неизвестный,13300,5362.55,44408,4.3,495,26,А Групп,12,True,True
210,Товар 210,Косметика,Декоративная косметика,Dior,10630,6793.02,24528,3.8,395,48,ИП «Ершов»,24,True,False
211,Товар 211,Электроника,Наушники,Apple,59400,42334.16,47861,3.3,159,26,АО «Романова Ершова»,12,True,False
212,Товар 212,Строительные материалы,Другое,Собственный,2320,1259.52,4412,3.6,414,50,Зимина Групп,0,True,False
213,Товар 213,Бытовая техника,Стиральные машины,Samsung,40550,23894.06,27952,4.9,118,30,171 Меридиан,36,True,False
214,Товар 214,Ювелирные изделия,Другое,Собственный,21820,14199.3,38820,3.9,2,50,Аксенова Инк,3,True,False
215,Товар 215,Обувь,Сапоги,Nike,15620,8982.73,12925,3.9,134,47,Мамонтова Групп,12,False,False
216,Товар 216,Хозтовары,Другое,Локальный,2220,1199.89,11316,4.6,361,24,ЗАО «Кудряшов Александров»,24,True,False
217,Товар 217,Косметика,Тело,L'Oreal,4350,2275.61,27419,4.2,294,29,ЗАО «Киселева-Пахомова»,12,True,False
218,Товар 218,Медицинские товары,Другое,Локальный,18840,12491.53,10945,4.0,71,16,"АО «Савин, Гришин и Петухова»",6,False,False
219,Товар 219,Электроника,Наушники,Samsung,43780,22178.67,42809,4.0,350,36,ЗАО «Евсеев Котова»,12,False,False
220,Товар 220,Игрушки,Конструкторы,Disney,740,448.7,18022,3.4,147,15,"ИП «Воронцов, Панова и Тарасова»",12,False,False
221,Товар 221,Продукты питания,Сладости,Перекресток,3790,1713.76,28935,4.1,217,11,ОАО «Назарова»,36,True,False
222,Товар 222,Одежда,Спортивная,Nike,8290,4538.79,7703,4.6,121,18,Гущина Инкорпорэйтед,36,False,False
223,Товар 223,Игрушки,Мягкие игрушки,Mattel,22950,10123.64,37370,3.7,143,43,Сахалин Энерджи,24,True,False
224,Товар 224,Мебель,Кухня,Леруа Мерлен,47220,19020.23,44528,4.6,69,31,"ИП «Виноградова, Александров и Брагина»",0,False,False
225,Товар 225,Книги,Научная литература,АСТ,20470,9246.14,44327,3.8,72,41,"НПО «Кулаков, Капустин и Никонов»",36,False,False
226,Товар 226,Хозтовары,Другое,Собственный,2270,1023.18,26411,4.0,142,49,"АО «Блохин, Фомин и Зимин»",6,False,False
227,Товар 227,Автотовары,Другое,Локальный,210,94.34,47912,4.9,325,47,ООО «Фомичева»,36,False,False
228,Товар 228,Хозтовары,Другое,Неизвестный,23740,12538.44,21169,4.7,172,40,ИП «Филатова Беляков»,24,True,False
229,Товар 229,Автотовары,Другое,Локальный,12960,6317.99,30129,3.0,475,15,ОАО «Фомичева»,12,False,False
230,Товар 230,Ювелирные изделия,Другое,Неизвестный,790100,334991.49,19793,3.3,477,22,Фомичева и партнеры,0,False,False
231,Товар 231,Обувь,Ботинки,Adidas,1440,664.41,49504,3.5,335,10,ЗАО «Петухов»,36,True,False
232,Товар 232,Обувь,Туфли,Geox,3640,2779.1,45596,3.7,61,32,Шнейдер Электрик (Schneider Electric),36,True,False
233,Товар 233,Обувь,Туфли,Puma,1720,1205.08,24098,4.8,70,29,"ИП «Дроздова, Попова и Воронцова»",3,True,False
234,Товар 234,Электроника,Фотоаппараты,Samsung,115030,56011.0,9930,4.8,315,48,ОАО «Потапов»,12,True,False
235,Товар 235,Книги,Художественная литература,Альпина,13420,7393.47,9173,3.5,330,10,Давыдова Инкорпорэйтед,3,False,False
236,Товар 236,Мебель,Спальня,Леруа Мерлен,50010,28250.34,42357,3.1,459,20,ОАО «Ефимова»,12,False,False
237,Товар 237,Обувь,Сапоги,Nike,19580,13425.99,37259,3.8,279,48,АО «Зиновьев-Степанова»,3,False,True
238,Товар 238,Обувь,Кроссовки,Reebok,7250,2973.26,26091,4.0,321,50,ОАО «Мартынова-Мухин»,24,False,False
239,Товар 239,Хозтовары,Другое,Неизвестный,10700,7210.8,5488,3.6,261,18,ОАО «Данилова»,3,False,False
240,Товар 240,Обувь,Ботинки,Puma,13100,9564.65,5660,4.8,59,34,Титов Групп,24,True,False
241,Товар 241,Игрушки,Конструкторы,LEGO,12960,8660.59,22731,4.0,400,21,ЗАО «Виноградов-Беспалов»,3,False,False
242,Товар 242,Продукты питания,Молочные продукты,ВкусВилл,1740,903.35,17242,4.4,295,45,Сергеев Инкорпорэйтед,0,False,False
243,Товар 243,Садовый инвентарь,Другое,Собственный,1190,791.5,10319,3.5,52,41,"ООО «Потапов, Исакова и Константинова»",36,True,False
244,Товар 244,Электроника,Смартфоны,Apple,50200,28531.85,9845,3.4,491,7,"ООО «Юдина, Тарасов и Филатов»",24,False,False
245,Товар 245,Ювелирные изделия,Другое,Локальный,214540,108032.3,7835,4.0,461,8,ИП «Дорофеев»,3,True,False
246,Товар 246,Обувь,Сандалии,Reebok,10730,7641.39,29943,3.0,102,23,ЗАО «Назаров»,24,False,False
247,Товар 247,Зоотовары,Другое,Неизвестный,18670,8276.8,9877,3.0,209,6,Модум-транс,3,False,False
248,Товар 248,Электроника,Наушники,Xiaomi,22400,14124.56,32255,4.9,497,14,ИП «Меркушев»,36,False,True
249,Товар 249,Косметика,Декоративная косметика,MAC,17750,7188.44,5574,4.2,258,13,АО «Комиссарова-Жданова»,36,False,False
250,Товар 250,Одежда,Спортивная,H&M,3860,2301.45,25762,4.4,376,25,ООО «Терентьева Горшкова»,6,False,False
251,Товар 251,Косметика,Лицо,Nivea,2540,1772.37,6934,3.3,238,25,ЗАО «Якушева»,12,True,False
252,Товар 252,Спорттовары,Инвентарь,Reebok,8610,6111.93,44971,3.6,360,49,"НПО «Сысоев, Шарапов и Нестеров»",24,True,False
253,Товар 253,Автотовары,Другое,Неизвестный,1570,908.67,33660,3.1,153,21,ООО «Соболева Ковалев»,3,True,False
254,Товар 254,Канцтовары,Другое,Локальный,13200,7118.05,9171,3.2,31,19,АО «Давыдов Макарова»,3,True,False
255,Товар 255,Строительные материалы,Другое,Локальный,15000,7502.38,16972,4.8,38,6,"РАО «Шубин, Андреев и Панова»",0,True,False
256,Товар 256,Книги,Художественная литература,Питер,2360,1732.86,37620,3.9,370,30,Соловьева и партнеры,12,True,False
257,Товар 257,Ювелирные изделия,Другое,Неизвестный,201070,123356.55,29239,4.8,17,44,Селезнев Инкорпорэйтед,24,True,False
258,Товар 258,Зоотовары,Другое,Собственный,13500,9605.87,25111,3.3,102,46,Сингента (Chemchina),24,True,False
259,Товар 259,Строительные материалы,Другое,Собственный,14290,5964.48,32934,3.6,138,16,РАО «Титова-Соболева»,0,False,True
260,Товар 260,Продукты питания,Молочные продукты,Магнит,4210,1682.68,10471,3.2,336,20,ИП «Моисеев»,6,True,False
261,Товар 261,Хозтовары,Другое,Собственный,19690,13049.94,15512,4.2,412,49,"РАО «Селиверстова, Андреев и Соболев»",6,True,False
262,Товар 262,Книги,Бизнес-литература,АСТ,26550,10772.44,35538,3.6,251,7,ИП «Горбунова Степанов»,0,True,False
263,Товар 263,Электроника,Фотоаппараты,Sony,5350,3466.86,8561,3.7,90,25,МТС-банк,0,True,False
264,Товар 264,Книги,Художественная литература,Альпина,20730,11855.29,43403,3.8,51,26,НПО «Гаврилова-Филиппова»,6,False,False
265,Товар 265,Ювелирные изделия,Другое,Локальный,431450,285912.82,36839,4.4,475,44,Герасимов Групп,6,True,False
266,Товар 266,Мебель,Спальня,Шатура,123030,50455.38,25673,4.7,394,41,Гришина и партнеры,0,True,False
267,Товар 267,Косметика,Декоративная косметика,L'Oreal,18180,8286.74,15607,3.7,163,15,Крокус,36,True,False
268,Товар 268,Канцтовары,Другое,Неизвестный,3530,2553.68,16830,4.6,368,5,Сандоз (Sandoz),0,False,False
269,Товар 269,Ювелирные изделия,Другое,Неизвестный,426270,242966.47,35794,3.8,424,35,"ООО «Ефимов, Миронова и Калашников»",24,True,False
270,Товар 270,Одежда,Детская,Zara,6130,4416.3,11158,4.8,82,9,АО «Антонова-Белоусов»,24,True,False
271,Товар 271,Зоотовары,Другое,Локальный,730,489.36,28465,3.3,51,26,Татэнерго,3,True,False
272,Товар 272,Медицинские товары,Другое,Локальный,21780,10408.33,19500,3.5,25,30,"ЗАО «Панов, Панова и Рябов»",24,False,True
273,Товар 273,Электроника,Наушники,Apple,75510,37375.25,13095,3.2,105,15,"ООО «Шашков, Александров и Алексеева»",36,False,False
274,Товар 274,Бытовая техника,Пылесосы,Philips,41890,25892.03,42075,4.1,94,28,ГМК Сплав,12,False,False
275,Товар 275,Продукты питания,Напитки,Магнит,1740,881.51,9914,4.5,341,11,Комиссаров Групп,0,False,False
276,Товар 276,Косметика,Декоративная косметика,L'Oreal,19580,10865.33,35105,4.4,479,35,ООО «Зуева»,24,True,False
277,Товар 277,Мебель,Гостиная,Ангстрем,105850,55636.02,33880,4.6,346,44,Пахомова Инк,3,True,False
278,Товар 278,Игрушки,Куклы,Mattel,12820,7088.17,44779,3.9,421,45,"АО «Прохорова, Зимин и Гурьева»",3,False,False
279,Товар 279,Обувь,Кроссовки,Puma,14710,6318.87,34068,3.9,447,5,ИП «Трофимова-Вишнякова»,36,False,False
280,Товар 280,Книги,Бизнес-литература,Альпина,11450,8063.3,6932,4.1,51,23,Совкомбанк,24,False,False
281,Товар 281,Продукты питания,Напитки,Магнит,2350,1561.53,26419,3.3,311,48,"АО «Андреева, Афанасьев и Коновалов»",36,False,False
282,Товар 282,Автотовары,Другое,Локальный,7240,3011.24,24418,3.0,418,24,АО «Ковалева Коновалова»,6,False,False
283,Товар 283,Бытовая техника,Стиральные машины,Samsung,35330,15850.53,21038,3.5,213,43,ИП «Воробьева-Денисов»,36,True,False
284,Товар 284,Ювелирные изделия,Другое,Локальный,240070,137286.72,3693,4.0,81,9,ИП «Волкова»,6,False,False
285,Товар 285,Садовый инвентарь,Другое,Локальный,710,309.52,3786,3.5,233,8,НПО «Брагин Логинов»,6,True,False
286,Товар 286,Строительные материалы,Другое,Собственный,8690,5996.01,2012,3.5,250,43,Берлин-Хеми А. Менарини (Berlin Chemie),12,True,False
287,Товар 287,Медицинские товары,Другое,Собственный,7290,4526.87,45154,3.2,14,29,ООО «Мельникова Игнатов»,0,True,False
288,Товар 288,Косметика,Волосы,Maybelline,16920,7238.69,44718,3.0,466,13,ОАО «Цветкова-Константинова»,36,True,False
289,Товар 289,Мебель,Кухня,Ангстрем,109020,58902.27,14310,3.9,346,38,Калашникова Инкорпорэйтед,24,False,True
290,Товар 290,Строительные материалы,Другое,Локальный,12540,7564.87,7094,4.0,172,22,АО «Панфилова-Лихачев»,36,False,False
291,Товар 291,Продукты питания,Овощи и фрукты,Ашан,1190,498.77,39333,3.8,163,48,"ЗАО «Панфилова, Филиппов и Зыкова»",3,True,False
292,Товар 292,Мебель,Кухня,Ангстрем,52460,26235.65,37499,4.6,175,50,НПО «Гришин»,3,False,False
293,Товар 293,Садовый инвентарь,Другое,Собственный,25960,11037.59,11880,3.6,241,13,НПО «Селиверстов-Козлова»,36,False,False
294,Товар 294,Автотовары,Другое,Локальный,2090,950.89,20135,3.8,454,26,Сандоз (Sandoz),6,False,False
295,Товар 295,Канцтовары,Другое,Неизвестный,12490,6245.25,40685,3.1,455,17,"ЗАО «Бобылева, Гордеев и Корнилова»",24,True,False
296,Товар 296,Садовый инвентарь,Другое,Собственный,8150,5502.19,13136,3.7,291,34,НПО «Гришин Абрамов»,3,False,False
297,Товар 297,Зоотовары,Другое,Собственный,11820,5734.47,318,3.9,107,15,ТК Шлюмберже (Schlumberger),24,True,False
298,Товар 298,Обувь,Туфли,Geox,8380,4617.08,31296,3.8,19,39,ИП «Тетерин Филатова»,3,False,False
299,Товар 299,Садовый инвентарь,Другое,Неизвестный,400,183.18,14838,4.4,176,24,ООО «Жданов»,3,True,False
300,Товар 300,Садовый инвентарь,Другое,Локальный,3520,2597.95,19069,3.9,266,43,Сталепромышленная компания,24,False,False
301,Товар 301,Книги,Детские книги,"Манн, Иванов и Фербер",8070,3309.41,26446,3.0,114,13,Беляев Лимитед,3,True,True
302,Товар 302,Одежда,Спортивная,Nike,18250,9066.98,3153,4.3,334,6,ООО «Рябов-Иванова»,0,True,False
303,Товар 303,Канцтовары,Другое,Собственный,2610,1217.88,13477,4.4,322,5,Калинина Лтд,6,False,False
304,Товар 304,Продукты питания,Сладости,Пятерочка,4400,1849.54,33537,4.4,60,23,Концерн Титан-2,0,True,False
305,Товар 305,Спорттовары,Аксессуары,Nike,24970,10119.32,23466,4.4,151,15,ИП «Дьячкова»,0,False,False
306,Товар 306,Зоотовары,Другое,Собственный,2710,1924.89,7247,4.7,342,36,ИП «Лаврентьев»,3,True,False
307,Товар 307,Бытовая техника,Пылесосы,Samsung,42170,26082.28,3292,3.2,89,7,РАО «Суворова Жданов»,6,False,False
308,Товар 308,Ювелирные изделия,Другое,Локальный,103670,43773.41,643,4.7,339,46,Симонова и партнеры,3,False,False
309,Товар 309,Канцтовары,Другое,Локальный,5890,3371.97,22470,3.4,205,30,РАО «Богданова»,12,False,False
310,Товар 310,Зоотовары,Другое,Собственный,11940,8315.64,45634,4.5,482,15,ЗАО «Мельникова Лобанов»,0,False,False
311,Товар 311,Канцтовары,Другое,Неизвестный,15810,7773.14,44867,4.8,372,13,ОАО «Авдеева»,12,False,False
312,Товар 312,Канцтовары,Другое,Неизвестный,1070,811.46,44438,4.0,380,41,ОАО «Игнатьев-Силин»,36,True,False
313,Товар 313,Садовый инвентарь,Другое,Локальный,14700,8077.17,47631,3.5,177,47,Дмитриев Лимитед,36,False,False
314,Товар 314,Медицинские товары,Другое,Локальный,1050,703.24,30765,4.7,445,15,ВкусВилл,0,False,False
315,Товар 315,Косметика,Тело,Maybelline,1070,514.42,26439,4.6,40,34,Солид-товарные рынки,12,False,False
316,Товар 316,Канцтовары,Другое,Собственный,2820,1352.31,6736,3.8,18,40,НПО «Борисов»,24,True,False
317,Товар 317,Мебель,Детская,Леруа Мерлен,33850,13872.01,23822,4.7,418,19,"ОАО «Лаврентьев, Артемьев и Киселев»",12,False,False
318,Товар 318,Строительные материалы,Другое,Локальный,8170,3908.32,153,3.7,424,45,ОАО «Горшков-Журавлев»,6,False,True
319,Товар 319,Игрушки,Настольные игры,Mattel,18350,10247.15,16675,4.2,96,12,Группа Стройтрансгаз,12,True,False
320,Товар 320,Спорттовары,Спортивная одежда,Adidas,12930,6278.49,44059,4.2,395,33,ИП «Якушев-Суворова»,12,True,False
321,Товар 321,Электроника,Фотоаппараты,Apple,119740,59808.23,33324,4.6,466,16,Кулагин Групп,36,True,True
322,Товар 322,Автотовары,Другое,Локальный,18830,9271.4,45394,4.5,140,30,ЗАО «Суханова»,6,False,False
323,Товар 323,Книги,Научная литература,"Манн, Иванов и Фербер",15420,8051.26,45983,4.1,160,50,ОАО «Хохлова Самойлова»,36,True,False
324,Товар 324,Мебель,Кухня,Шатура,143140,58425.32,33033,4.1,326,25,ОАО «Симонов»,36,True,False
325,Товар 325,Медицинские товары,Другое,Собственный,17190,7987.31,44197,4.5,430,39,ОАО «Рябов-Быков»,6,False,False
326,Товар 326,Электроника,Наушники,Samsung,10370,6399.7,10557,5.0,349,21,Кириллов Инкорпорэйтед,3,True,False
327,Товар 327,Спорттовары,Аксессуары,Adidas,7910,3877.85,44281,4.5,442,19,Евсеева и партнеры,36,False,False
328,Товар 328,Мебель,Гостиная,Ангстрем,68910,27887.68,20500,4.9,27,5,ЗАО «Брагин-Беляев»,36,False,False
329,Товар 329,Канцтовары,Другое,Неизвестный,23160,11150.86,49496,4.2,378,43,ООО «Петухова-Никитина»,3,True,False
330,Товар 330,Канцтовары,Другое,Неизвестный,20400,8307.75,48184,4.0,193,7,Князева Инкорпорэйтед,12,False,False
331,Товар 331,Книги,Научная литература,Альпина,12650,6802.95,10155,3.1,475,25,"АО «Лаврентьев, Колобов и Щербаков»",24,True,False
332,Товар 332,Зоотовары,Другое,Локальный,10020,4660.84,34442,3.4,94,38,"АО «Шашкова, Нестеров и Игнатьева»",0,True,False
333,Товар 333,Медицинские товары,Другое,Локальный,9680,4103.18,43482,3.7,184,23,Смирнов Групп,3,False,True
334,Товар 334,Строительные материалы,Другое,Собственный,6950,2894.01,15989,4.9,349,25,ОАО «Емельянова»,12,True,False
335,Товар 335,Продукты питания,Сладости,Перекресток,210,95.63,33715,4.6,228,36,КРКА Фарма (KRKA),0,False,False
336,Товар 336,Обувь,Кроссовки,Adidas,23830,12283.09,41096,3.1,343,45,ЗАО «Кулагин»,3,False,False
337,Товар 337,Ювелирные изделия,Другое,Локальный,367240,172959.21,1566,3.9,169,7,Носкова и партнеры,0,True,True
338,Товар 338,Продукты питания,Сладости,ВкусВилл,2180,1356.21,25440,3.9,207,32,"НПО «Панов, Данилова и Кудрявцев»",6,True,False
339,Товар 339,Бытовая техника,Кофеварки,Bosch,67240,30464.39,38388,3.1,434,9,НПО «Зуева Сазонов»,6,True,False
340,Товар 340,Мебель,Детская,Икеа,36120,20548.5,43311,3.1,80,39,ИП «Тетерина Крюков»,3,True,False
341,Товар 341,Медицинские товары,Другое,Собственный,17990,8512.83,47807,4.3,490,5,"ОАО «Козлов, Доронина и Блохина»",24,True,True
342,Товар 342,Хозтовары,Другое,Локальный,7260,4679.11,48600,4.8,176,18,АСР-Углесбыт,12,True,True
343,Товар 343,Продукты питания,Мясо,ВкусВилл,1410,606.45,49230,4.9,281,34,Проктер Энд Гэмбл. Дистрибьюторская компания (Procter & Gamble),36,True,False
344,Товар 344,Обувь,Ботинки,Nike,5650,2313.14,23415,3.3,335,20,ЗАО «Жукова»,0,False,False
345,Товар 345,Автотовары,Другое,Собственный,8840,5303.81,38294,3.3,290,28,ABI Product,6,False,True
346,Товар 346,Косметика,Волосы,MAC,6020,2846.95,21739,4.8,236,33,ООО «Панова»,6,False,False
347,Товар 347,Медицинские товары,Другое,Неизвестный,4840,2093.89,9185,4.8,100,21,НПО «Горбунов Ларионова»,36,True,False
348,Товар 348,Садовый инвентарь,Другое,Локальный,740,414.13,38678,3.4,18,40,РАО «Орехов-Анисимов»,6,False,False
349,Товар 349,Косметика,Декоративная косметика,Maybelline,2140,1521.26,23856,4.0,339,20,Третьяков Групп,24,True,False
350,Товар 350,Игрушки,Мягкие игрушки,Disney,19930,9127.64,31696,4.9,20,19,"РАО «Шарапов, Константинова и Юдина»",12,True,False
351,Товар 351,Косметика,Лицо,Nivea,11710,6633.13,29805,4.8,20,46,РАО «Рожков»,6,True,False
352,Товар 352,Продукты питания,Сладости,Пятерочка,2580,1473.48,38524,4.3,427,9,ИП «Красильникова»,24,False,False
353,Товар 353,Косметика,Декоративная косметика,MAC,8860,4703.21,31605,4.8,3,37,РАО «Дорофеева»,3,False,False
354,Товар 354,Садовый инвентарь,Другое,Локальный,3770,2531.62,39464,4.4,60,47,АО «Силина-Котова»,3,False,False
355,Товар 355,Бытовая техника,Микроволновки,Philips,47190,22722.17,26938,3.0,22,13,Соллерс,24,True,False
356,Товар 356,Одежда,Верхняя одежда,H&M,880,579.01,26581,4.2,288,45,РАО «Щербакова-Попова»,0,False,False
357,Товар 357,Зоотовары,Другое,Собственный,4580,2268.17,38194,4.6,93,44,"ООО «Королева, Устинова и Маслов»",36,False,False
358,Товар 358,Автотовары,Другое,Собственный,8830,5035.64,8674,3.2,103,38,Матвеев Лимитед,24,False,False
359,Товар 359,Игрушки,Настольные игры,Disney,15470,7983.98,49318,3.2,246,47,ЗАО «Кудрявцева»,3,True,False
360,Товар 360,Садовый инвентарь,Другое,Собственный,5970,3085.56,15049,4.9,246,29,"ЗАО «Зуев, Фролова и Селиверстова»",6,True,False
361,Товар 361,Книги,Детские книги,"Манн, Иванов и Фербер",14460,10324.61,39219,4.8,209,21,Пономарев Инкорпорэйтед,3,True,False
362,Товар 362,Бытовая техника,Кофеварки,Bosch,32680,14426.88,26804,3.7,79,32,СК Росгосстрах,36,False,False
363,Товар 363,Медицинские товары,Другое,Собственный,16470,6615.83,26057,4.5,211,40,ООО «Котова»,24,False,False
364,Товар 364,Медицинские товары,Другое,Собственный,4340,2533.87,46245,3.8,70,47,РАО «Костина Зуев»,0,True,False
365,Товар 365,Игрушки,Конструкторы,Mattel,14690,6495.6,40250,4.4,361,8,РАО «Крюков»,3,False,False
366,Товар 366,Книги,Учебники,Альпина,5750,3674.08,5255,4.2,370,29,Щукин и партнеры,12,False,False
367,Товар 367,Игрушки,Настольные игры,Ravensburger,500,205.16,33967,3.6,17,43,ООО «Крюкова»,24,True,False
368,Товар 368,Строительные материалы,Другое,Неизвестный,12780,9098.45,18093,4.6,180,47,ИП «Князева»,12,False,False
369,Товар 369,Обувь,Кроссовки,Geox,8970,3738.76,22822,3.7,417,22,НПО «Беляев»,3,True,False
370,Товар 370,Хозтовары,Другое,Локальный,170,87.14,36620,3.1,150,26,"ЗАО «Капустина, Богданов и Калинина»",0,False,False
371,Товар 371,Канцтовары,Другое,Собственный,15760,7134.64,30081,4.4,459,42,ООО «Лазарев-Беспалов»,0,False,False
372,Товар 372,Хозтовары,Другое,Локальный,15760,7361.93,20701,3.8,180,38,ООО «Карпова»,24,True,False
373,Товар 373,Косметика,Тело,L'Oreal,8590,5021.28,36353,4.9,243,25,РАО «Самсонова Морозов»,6,True,False
374,Товар 374,Игрушки,Куклы,Ravensburger,11050,6947.98,17403,3.4,103,20,Данилов и партнеры,24,False,False
375,Товар 375,Бытовая техника,Холодильники,Philips,61200,31387.21,2779,4.7,190,44,ООО «Рябов Анисимова»,6,False,False
376,Товар 376,Зоотовары,Другое,Неизвестный,21740,13286.48,14565,4.5,65,8,РАО «Шестаков»,24,False,False
377,Товар 377,Медицинские товары,Другое,Неизвестный,11110,5232.58,11465,3.9,61,49,Крылов Лимитед,24,False,False
378,Товар 378,Электроника,Смартфоны,Samsung,58920,33982.76,17029,3.4,134,20,ЗАО «Королев-Исакова»,6,False,False
379,Товар 379,Строительные материалы,Другое,Неизвестный,9940,4643.42,24409,3.7,205,22,НПО «Комаров-Маслов»,12,True,False
380,Товар 380,Косметика,Лицо,Maybelline,21230,9123.05,12859,3.3,491,14,ВЭБ.РФ,12,True,False
381,Товар 381,Книги,Бизнес-литература,Альпина,15240,9177.52,36850,4.7,24,30,РАО «Романов-Комарова»,0,True,False
382,Товар 382,Продукты питания,Напитки,ВкусВилл,1970,1139.29,36733,4.1,414,21,ЗАО «Суханова-Максимов»,6,True,False
383,Товар 383,Бытовая техника,Пылесосы,Miele,20860,10034.18,11448,5.0,145,27,АО «Ермаков»,6,False,False
384,Товар 384,Обувь,Сандалии,Geox,5040,3420.25,10992,4.3,475,26,НПО «Зыков-Кулакова»,12,False,True
385,Товар 385,Автотовары,Другое,Неизвестный,8130,3777.01,39684,4.3,138,33,ИП «Ковалева»,6,False,False
386,Товар 386,Игрушки,Куклы,LEGO,1950,1217.5,48760,4.4,40,18,ООО «Селезнев Лукина»,3,False,True
387,Товар 387,Зоотовары,Другое,Локальный,1430,739.31,5465,3.2,316,14,АО «Ситников-Анисимова»,0,False,False
388,Товар 388,Косметика,Волосы,Maybelline,7550,3905.79,11190,3.1,339,27,ОАО «Ларионов-Афанасьев»,6,False,False
389,Товар 389,Медицинские товары,Другое,Собственный,11830,4852.95,35352,3.4,305,34,"ООО «Зиновьева, Красильников и Зуева»",36,False,False
390,Товар 390,Строительные материалы,Другое,Собственный,12720,6952.52,23981,3.8,79,24,РАО «Суворов»,0,True,False
391,Товар 391,Зоотовары,Другое,Локальный,440,179.65,31275,3.6,392,32,Сидоров Инкорпорэйтед,6,True,False
392,Товар 392,Спорттовары,Инвентарь,Under Armour,9020,4178.97,42345,3.8,193,19,Павлов Инкорпорэйтед,6,True,False
393,Товар 393,Косметика,Декоративная косметика,Dior,16070,9789.64,48698,4.1,137,31,ОАО «Большакова-Юдина»,3,True,True
394,Товар 394,Бытовая техника,Микроволновки,Miele,43040,22767.96,21023,3.0,25,39,АО «Шилова Шашков»,0,True,False
395,Товар 395,Книги,Учебники,Эксмо,3990,2107.12,22417,3.8,402,36,НПК Уралвагонзавод,6,False,False
396,Товар 396,Книги,Художественная литература,Питер,12200,6546.9,12605,4.8,128,29,"ОАО «Осипова, Быкова и Зиновьева»",0,True,False
397,Товар 397,Канцтовары,Другое,Неизвестный,11230,6060.02,6167,4.0,106,35,АО «Сысоева-Сидорова»,12,False,False
398,Товар 398,Игрушки,Конструкторы,Disney,10290,4981.96,13033,3.7,26,47,Стройгазмонтаж,3,True,False
399,Товар 399,Автотовары,Другое,Неизвестный,2390,1656.33,15941,3.0,21,42,ОАО «Фомичева-Калинин»,36,False,False
400,Товар 400,Обувь,Туфли,Adidas,10390,6087.15,49788,4.3,30,27,ИП «Елисеев-Голубева»,36,True,True
401,Товар 401,Косметика,Тело,Dior,22440,9901.97,28761,4.5,10,49,АО «Гордеева-Тетерина»,12,False,False
402,Товар 402,Одежда,Спортивная,Adidas,11930,6317.43,37149,3.4,178,25,"РАО «Иванов, Лапин и Фадеева»",36,False,False
403,Товар 403,Медицинские товары,Другое,Неизвестный,1090,656.65,17268,4.1,232,5,РАО «Лаврентьева»,36,False,False
404,Товар 404,Строительные материалы,Другое,Локальный,6250,2990.2,35331,4.6,97,38,ОАО «Белозерова-Кириллова»,36,False,False
405,Товар 405,Автотовары,Другое,Собственный,10730,5567.57,4379,3.1,480,13,Хохлова Групп,3,True,True
406,Товар 406,Спорттовары,Тренажеры,Adidas,15590,7461.24,34470,4.2,302,21,АО «Субботин»,0,False,False
407,Товар 407,Обувь,Кроссовки,Adidas,20510,8922.15,30684,4.6,31,28,"НПО «Борисова, Третьяков и Ширяев»",24,False,False
408,Товар 408,Одежда,Верхняя одежда,Nike,15170,6592.14,5117,4.9,491,38,"ЗАО «Котова, Горшкова и Артемьева»",0,True,False
409,Товар 409,Спорттовары,Велосипеды,Under Armour,18330,7521.23,36606,4.5,212,11,"ОАО «Колесников, Афанасьев и Герасимова»",36,False,False
410,Товар 410,Ювелирные изделия,Другое,Неизвестный,74230,41659.31,22129,4.3,273,43,ООО «Смирнов»,12,False,False
411,Товар 411,Медицинские товары,Другое,Собственный,18240,8857.18,47580,3.6,123,41,Гала-Форм,24,True,False
412,Товар 412,Медицинские товары,Другое,Локальный,6520,3550.14,26033,3.0,17,23,Носов и партнеры,24,True,False
413,Товар 413,Мебель,Гостиная,Сокол,76750,45741.63,45211,4.6,470,40,"ОАО «Фадеев, Трофимов и Крюкова»",24,True,True
414,Товар 414,Строительные материалы,Другое,Неизвестный,2910,1456.06,15279,3.5,153,10,ОАО «Белоусов-Стрелков»,24,False,False
415,Товар 415,Автотовары,Другое,Собственный,4880,2293.39,37773,4.6,48,43,"ЗАО «Поляков, Рябова и Сафонов»",36,False,False
416,Товар 416,Хозтовары,Другое,Неизвестный,17980,10570.88,28472,3.8,444,12,Калашникова Инк,3,True,False
417,Товар 417,Одежда,Детская,Gucci,760,516.75,32935,4.4,78,8,Агросила Групп,36,False,False
418,Товар 418,Садовый инвентарь,Другое,Неизвестный,3900,2200.7,8673,3.7,243,41,Пепсико холдингс,36,True,False
419,Товар 419,Продукты питания,Молочные продукты,Магнит,2330,1601.88,8848,4.0,101,36,АО «Денисова-Коновалов»,12,True,False
420,Товар 420,Продукты питания,Напитки,Перекресток,2830,1970.14,27114,3.8,178,17,ИП «Кириллова»,6,False,False
421,Товар 421,Игрушки,Машинки,Disney,21590,10541.49,28876,3.1,418,19,Шубин Инк,3,False,False
422,Товар 422,Обувь,Кроссовки,Nike,4280,2894.37,18863,3.0,355,12,"РАО «Шашков, Анисимова и Сазонов»",6,False,False
423,Товар 423,Электроника,Телевизоры,Samsung,135360,69211.07,49185,3.5,247,44,"ИП «Лукина, Владимирова и Мясников»",36,True,False
424,Товар 424,Садовый инвентарь,Другое,Неизвестный,3340,2166.91,45657,4.2,27,34,ОАО «Блохин»,36,True,False
425,Товар 425,Продукты питания,Овощи и фрукты,ВкусВилл,200,95.36,15159,5.0,260,50,Ланит,0,False,False
426,Товар 426,Медицинские товары,Другое,Неизвестный,3880,2096.08,46702,3.0,126,38,"НПО «Филатова, Кошелев и Русаков»",6,False,False
427,Товар 427,Хозтовары,Другое,Локальный,2800,1625.21,40985,3.6,500,37,Большаков Групп,6,True,False
428,Товар 428,Хозтовары,Другое,Неизвестный,20310,12933.49,22409,4.8,336,13,Лаборатория Касперского,0,False,False
429,Товар 429,Книги,Учебники,Питер,17710,9079.76,13560,4.3,297,39,Нестле Россия (Nestle),36,True,False
430,Товар 430,Садовый инвентарь,Другое,Неизвестный,12950,5824.43,43016,4.9,469,15,Мухина Инк,6,True,True
431,Товар 431,Книги,Художественная литература,Питер,16560,9233.8,29042,4.5,420,45,Иркутская нефтяная компания,36,False,False
432,Товар 432,Бытовая техника,Стиральные машины,Samsung,5740,2813.39,39698,4.1,118,43,ОАО «Зуева»,3,True,False
433,Товар 433,Зоотовары,Другое,Неизвестный,12650,5870.1,24517,3.4,198,36,НПО «Красильников Владимиров»,12,True,True
434,Товар 434,Одежда,Спортивная,Zara,19880,12684.67,44006,5.0,387,18,"ИП «Карпов, Буров и Некрасов»",0,True,False
435,Товар 435,Зоотовары,Другое,Локальный,5630,3527.36,26543,4.6,311,29,ОАО «Самойлова Петухова»,36,False,False
436,Товар 436,Медицинские товары,Другое,Локальный,10580,7862.75,7174,3.9,423,7,Дроздов Инкорпорэйтед,3,False,False
437,Товар 437,Садовый инвентарь,Другое,Локальный,16080,8798.94,19969,4.5,146,34,МТС-банк,3,False,False
438,Товар 438,Одежда,Верхняя одежда,H&M,7800,5537.6,32821,3.2,398,42,Технологии машиностроения (Техмаш),36,True,False
439,Товар 439,Ювелирные изделия,Другое,Собственный,210410,104766.37,46713,4.8,451,34,Южуралзолото ГК,0,False,False
440,Товар 440,Игрушки,Конструкторы,LEGO,2200,1268.53,34338,4.4,372,37,ИП «Миронова-Белова»,24,True,False
441,Товар 441,Медицинские товары,Другое,Собственный,750,439.41,43232,4.7,83,14,РАО «Ермакова Сергеева»,3,True,False
442,Товар 442,Мебель,Кухня,Ангстрем,33500,14085.79,13304,3.0,391,21,ОАО «Большаков Галкин»,0,False,False
443,Товар 443,Зоотовары,Другое,Локальный,17820,9416.37,14223,4.2,243,34,"РАО «Лазарева, Молчанова и Зайцева»",12,False,False
444,Товар 444,Электроника,Ноутбуки,LG,79630,34863.41,13617,3.1,75,8,"НПО «Лазарев, Максимова и Титова»",36,False,True
445,Товар 445,Одежда,Верхняя одежда,Gucci,5550,4083.05,27335,5.0,82,48,"АО «Одинцов, Ефимова и Лыткина»",6,True,False
446,Товар 446,Строительные материалы,Другое,Неизвестный,1670,956.66,24844,4.6,388,32,ООО «Одинцов-Пестова»,24,True,False
447,Товар 447,Зоотовары,Другое,Неизвестный,2820,1663.15,27126,4.0,356,18,Прогресс,24,True,False
448,Товар 448,Садовый инвентарь,Другое,Неизвестный,14280,5899.08,46331,3.6,311,25,АО «Агафонова»,6,False,False
449,Товар 449,Зоотовары,Другое,Локальный,18220,8026.03,39948,3.5,148,17,НПО «Ситникова»,0,True,False
450,Товар 450,Бытовая техника,Стиральные машины,Miele,71250,41895.57,36737,4.6,108,5,"ООО «Савина, Захаров и Захарова»",36,True,False
451,Товар 451,Продукты питания,Молочные продукты,Перекресток,1930,868.07,7470,4.4,174,30,Иванова Лимитед,36,True,True
452,Товар 452,Автотовары,Другое,Локальный,7020,5225.14,8906,4.0,321,34,Сегежа,24,False,False
453,Товар 453,Ювелирные изделия,Другое,Локальный,41210,20834.77,44456,3.6,274,6,Андреева Инк,3,False,False
454,Товар 454,Обувь,Туфли,Reebok,14780,8444.74,35024,4.7,292,43,Ильина и партнеры,12,True,False
455,Товар 455,Мебель,Кухня,Икеа,29400,12497.97,24362,3.9,486,24,Богданов Инкорпорэйтед,3,False,True
456,Товар 456,Одежда,Женская,Zara,6840,3639.25,32781,3.3,174,35,ООО «Константинова Белякова»,36,False,False
457,Товар 457,Книги,Художественная литература,Альпина,12940,5966.83,30115,3.8,442,38,Анисимова Инкорпорэйтед,0,True,False
458,Товар 458,Одежда,Верхняя одежда,Zara,6390,4488.91,43197,4.5,11,41,НПО «Фомичева Рыбаков»,6,True,False
459,Товар 459,Спорттовары,Велосипеды,Reebok,5080,2778.81,7720,3.5,80,22,Федотов Инкорпорэйтед,0,True,False
460,Товар 460,Строительные материалы,Другое,Локальный,6110,2848.54,18574,4.1,87,9,АО «Сергеев Пестов»,6,False,False
461,Товар 461,Одежда,Женская,Zara,8140,5705.66,3535,3.2,200,16,Газпром,36,False,False
462,Товар 462,Мебель,Кухня,Шатура,84170,43381.69,49538,4.5,290,13,ИП «Ковалева Полякова»,0,False,False
463,Товар 463,Канцтовары,Другое,Собственный,5130,2200.56,40441,3.5,186,30,ЗАО «Журавлев»,3,False,False
464,Товар 464,Канцтовары,Другое,Собственный,660,381.04,30237,4.7,144,27,ООО «Цветкова»,24,True,False
465,Товар 465,Бытовая техника,Пылесосы,Miele,65120,33581.04,26277,4.2,122,44,"ИП «Ефимова, Фролова и Кондратьева»",3,True,False
466,Товар 466,Хозтовары,Другое,Неизвестный,8900,4432.06,28541,4.1,175,39,Михеев Инкорпорэйтед,36,True,False
467,Товар 467,Обувь,Сапоги,Puma,2320,1374.72,6409,4.6,90,24,НПО «Никитин»,12,True,False
468,Товар 468,Хозтовары,Другое,Собственный,8370,5942.5,9114,4.8,462,45,ОАО «Максимова Никитина»,0,True,False
469,Товар 469,Мебель,Офисная,Леруа Мерлен,57370,27090.52,20758,3.6,406,48,Акрон,6,False,False
470,Товар 470,Обувь,Сапоги,Nike,15720,6786.13,19289,3.1,461,40,Ренейссанс Хэви Индастрис Ronesans Endustri,0,True,False
471,Товар 471,Бытовая техника,Пылесосы,Bosch,22030,12426.34,20858,4.4,207,29,ООО «Рябова»,12,True,False
472,Товар 472,Спорттовары,Аксессуары,Puma,15450,8577.63,18915,5.0,343,13,Металлоинвест,3,True,False
473,Товар 473,Книги,Учебники,"Манн, Иванов и Фербер",12590,8595.17,27263,4.7,457,49,Акционерный банк Россия,24,False,False
474,Товар 474,Ювелирные изделия,Другое,Локальный,333450,212265.69,27847,4.2,295,36,ОАО «Филиппов-Гусева»,36,True,False
475,Товар 475,Ювелирные изделия,Другое,Локальный,161320,119900.46,31681,4.4,57,42,Нокиан Шина (Nokian),12,True,False
476,Товар 476,Садовый инвентарь,Другое,Собственный,9380,3960.39,5806,3.5,322,47,Белова Инк,36,True,False
477,Товар 477,Одежда,Детская,Gucci,16150,8430.35,30761,4.1,169,31,ОАО «Попова Носков»,6,False,False
478,Товар 478,Игрушки,Конструкторы,Disney,18340,9279.76,4035,4.3,296,15,Газпром бурение,24,True,False
479,Товар 479,Электроника,Телевизоры,Sony,27010,11634.62,18219,3.5,315,22,Громов Лимитед,6,False,False
480,Товар 480,Игрушки,Мягкие игрушки,Mattel,10200,6753.06,45935,3.5,92,38,"ИП «Ефимова, Чернова и Васильева»",0,False,False
481,Товар 481,Книги,Учебники,"Манн, Иванов и Фербер",13300,7273.61,41794,3.3,295,27,Группа Ренессанс Страхование,0,False,True
482,Товар 482,Канцтовары,Другое,Собственный,12680,5199.17,34909,3.5,349,50,АО «Никитин»,12,False,False
483,Товар 483,Книги,Бизнес-литература,"Манн, Иванов и Фербер",420,227.91,44475,3.6,271,48,Сазонова Инк,0,True,False
484,Товар 484,Ювелирные изделия,Другое,Локальный,514580,302348.27,17513,4.6,130,46,"ООО «Ершов, Потапова и Лебедева»",24,False,False
485,Товар 485,Косметика,Декоративная косметика,Nivea,15710,6302.87,20540,4.1,344,5,АО «Брагина Гордеев»,0,True,False
486,Товар 486,Бытовая техника,Кофеварки,Bosch,60850,28037.06,16518,3.4,12,44,РАО «Филатов-Аксенова»,0,True,False
487,Товар 487,Бытовая техника,Холодильники,Bosch,63050,30202.33,42471,4.1,495,16,Блинов Инкорпорэйтед,0,True,False
488,Товар 488,Мебель,Офисная,Икеа,71740,43966.64,27992,4.4,341,25,ИП «Беляев»,6,True,False
489,Товар 489,Одежда,Спортивная,Adidas,6870,2809.01,17355,3.4,35,36,ЗАО «Потапов Шарапова»,3,False,False
490,Товар 490,Бытовая техника,Стиральные машины,Miele,59760,28842.98,28949,4.4,52,7,Кириллов Инк,0,True,False
491,Товар 491,Канцтовары,Другое,Неизвестный,16500,7977.4,2489,4.3,136,14,Шарапова Инкорпорэйтед,36,False,False
492,Товар 492,Электроника,Фотоаппараты,Sony,111270,51198.65,4604,4.1,1,29,АО «Архипова-Архипова»,36,False,False
493,Товар 493,Строительные материалы,Другое,Собственный,14640,7110.16,42416,3.2,273,26,"ОАО «Семенова, Кондратьев и Шубин»",0,False,False
494,Товар 494,Спорттовары,Велосипеды,Under Armour,700,454.81,45615,3.8,54,45,Энел Россия,36,False,False
495,Товар 495,Обувь,Сандалии,Adidas,2860,1321.06,38869,3.5,199,9,ИП «Николаева-Дементьева»,24,False,False
496,Товар 496,Медицинские товары,Другое,Собственный,13370,7829.16,22142,4.6,21,30,Тева (Teva),0,True,False
497,Товар 497,Медицинские товары,Другое,Неизвестный,9670,6976.51,48209,3.3,334,6,ИП «Титов Дьячков»,12,True,False
498,Товар 498,Книги,Художественная литература,АСТ,19470,8520.02,6386,3.9,87,42,"РАО «Федотова, Борисова и Уварова»",0,True,False
499,Товар 499,Косметика,Лицо,Nivea,13690,5521.89,44469,3.8,61,48,ИП «Рябов»,24,True,False
500,Товар 500,Спорттовары,Тренажеры,Under Armour,2420,1488.01,49656,3.8,356,28,"ООО «Харитонова, Бобров и Бирюков»",24,True,False
