vehicle_id,vehicle_type,brand,year,capacity,route_id,status
1,трамвай,Solaris,2011,150,6,active
2,маршрутное такси,Tatra,2019,25,16,maintenance
3,автобус,Volvo,2021,80,10,reserve
4,маршрутное такси,Tatra,2013,20,30,maintenance
5,трамвай,ЛиАЗ,2018,200,8,reserve
6,трамвай,МАЗ,2011,200,2,active
7,троллейбус,Tatra,2023,120,19,maintenance
8,маршрутное такси,Mercedes,2021,20,10,reserve
9,маршрутное такси,Solaris,2018,25,16,maintenance
10,автобус,Mercedes,2021,50,11,reserve
11,троллейбус,ЛиАЗ,2013,80,22,reserve
12,автобус,Solaris,2010,100,25,active
13,маршрутное такси,Tatra,2017,30,30,maintenance
14,трамвай,Mercedes,2020,250,27,maintenance
15,автобус,Volvo,2016,120,11,maintenance
16,автобус,Volvo,2016,80,23,maintenance
17,троллейбус,Mercedes,2023,120,25,reserve
18,автобус,ЛиАЗ,2015,120,9,maintenance
19,автобус,Solaris,2023,120,1,reserve
20,маршрутное такси,ЛиАЗ,2013,25,17,maintenance
21,маршрутное такси,Mercedes,2022,30,2,active
22,троллейбус,МАЗ,2014,120,15,reserve
23,маршрутное такси,ЛиАЗ,2020,20,20,active
24,трамвай,Solaris,2010,200,18,maintenance
25,автобус,ЛиАЗ,2017,80,4,reserve
26,трамвай,Tatra,2014,200,17,reserve
27,троллейбус,Mercedes,2017,100,8,maintenance
28,трамвай,МАЗ,2019,200,17,reserve
29,трамвай,Volvo,2022,150,26,maintenance
30,троллейбус,Volvo,2023,120,1,maintenance
31,троллейбус,Solaris,2020,120,16,active
32,маршрутное такси,Mercedes,2015,30,11,reserve
33,маршрутное такси,Volvo,2023,25,7,reserve
34,трамвай,Mercedes,2013,250,28,maintenance
35,автобус,Tatra,2017,100,23,maintenance
36,маршрутное такси,Tatra,2012,30,16,active
37,трамвай,Solaris,2015,250,28,active
38,маршрутное такси,Solaris,2017,20,1,reserve
39,трамвай,Tatra,2012,200,3,maintenance
40,троллейбус,Solaris,2021,100,13,reserve
41,автобус,Tatra,2023,100,18,maintenance
42,троллейбус,Tatra,2022,120,16,reserve
43,автобус,МАЗ,2020,50,22,maintenance
44,трамвай,ЛиАЗ,2016,250,4,reserve
45,автобус,МАЗ,2021,120,10,active
46,автобус,ЛиАЗ,2014,100,12,maintenance
47,маршрутное такси,МАЗ,2018,20,14,reserve
48,трамвай,МАЗ,2011,150,20,maintenance
49,трамвай,Solaris,2012,200,8,maintenance
50,троллейбус,Volvo,2020,100,1,maintenance
51,троллейбус,Solaris,2012,120,3,maintenance
52,троллейбус,Volvo,2020,120,14,reserve
53,троллейбус,Volvo,2013,100,13,maintenance
54,автобус,Mercedes,2019,80,12,reserve
55,троллейбус,Volvo,2010,120,27,reserve
56,маршрутное такси,ЛиАЗ,2019,25,28,reserve
57,автобус,Volvo,2022,120,26,active
58,троллейбус,Tatra,2013,80,20,maintenance
59,трамвай,ЛиАЗ,2020,250,21,active
60,троллейбус,ЛиАЗ,2019,100,12,reserve
61,трамвай,Volvo,2015,150,24,maintenance
62,трамвай,МАЗ,2022,150,18,maintenance
63,троллейбус,Volvo,2023,80,16,maintenance
64,троллейбус,Mercedes,2011,80,5,active
65,маршрутное такси,Volvo,2011,30,26,maintenance
66,автобус,Solaris,2011,100,15,maintenance
67,троллейбус,Mercedes,2023,120,21,maintenance
68,автобус,Mercedes,2010,80,20,reserve
69,троллейбус,МАЗ,2020,120,3,reserve
70,маршрутное такси,Volvo,2020,30,14,active
71,трамвай,ЛиАЗ,2014,150,16,active
72,автобус,Solaris,2012,80,13,maintenance
73,троллейбус,Tatra,2021,120,18,maintenance
74,трамвай,Tatra,2011,200,27,maintenance
75,маршрутное такси,ЛиАЗ,2021,25,12,active
76,маршрутное такси,МАЗ,2023,25,12,active
77,троллейбус,Tatra,2015,120,2,maintenance
78,троллейбус,ЛиАЗ,2023,80,27,maintenance
79,автобус,Tatra,2020,80,20,active
80,автобус,МАЗ,2012,100,26,reserve
81,трамвай,Solaris,2013,150,19,active
82,трамвай,МАЗ,2022,200,29,reserve
83,автобус,МАЗ,2012,100,18,maintenance
84,трамвай,Tatra,2023,150,1,active
85,автобус,МАЗ,2019,100,11,active
86,трамвай,ЛиАЗ,2012,200,24,maintenance
87,автобус,Mercedes,2017,50,25,maintenance
88,автобус,Solaris,2013,120,20,active
89,троллейбус,Tatra,2010,100,2,maintenance
90,маршрутное такси,Tatra,2011,25,16,reserve
91,маршрутное такси,ЛиАЗ,2015,20,20,active
92,автобус,Volvo,2019,80,21,reserve
93,троллейбус,Solaris,2018,100,10,maintenance
94,маршрутное такси,Tatra,2011,20,28,reserve
95,трамвай,Mercedes,2013,200,14,maintenance
96,маршрутное такси,Mercedes,2021,25,4,maintenance
97,маршрутное такси,Tatra,2014,25,12,active
98,маршрутное такси,ЛиАЗ,2023,20,3,active
99,маршрутное такси,Tatra,2021,20,12,active
100,автобус,Tatra,2011,100,14,maintenance
