Показатель;Значение
Анализ выполнен;2025-12-19 13:56:25
Период анализа;3 дня
Общее количество поездок;3000
Общее количество GPS-записей;15459
Средний уровень загруженности дорог;47.5%
Средняя скорость транспорта;39.6 км/ч
Пиковые часы пассажиропотока;8:00
Самый загруженный день;N/A
Количество инцидентов на дорогах;31
Эффективность модели прогнозирования;R² = 0.5689
