week,region,disease,cases
2023-01-02,ЦФО,Грипп,33
2023-01-02,ЦФО,ОРВИ,220
2023-01-02,ЦФО,Пневмония,18
2023-01-02,ЦФО,Бронхит,39
2023-01-02,ЦФО,COVID-19,7
2023-01-02,СЗФО,Грипп,30
2023-01-02,СЗФО,ОРВИ,181
2023-01-02,СЗФО,Пневмония,25
2023-01-02,СЗФО,Бронхит,39
2023-01-02,СЗФО,COVID-19,11
2023-01-02,ЮФО,Грипп,28
2023-01-02,ЮФО,ОРВИ,217
2023-01-02,ЮФО,Пневмония,19
2023-01-02,ЮФО,Бронхит,37
2023-01-02,ЮФО,COVID-19,13
2023-01-02,ПФО,Грипп,39
2023-01-02,ПФО,ОРВИ,200
2023-01-02,ПФО,Пневмония,19
2023-01-02,ПФО,Бронхит,48
2023-01-02,ПФО,COVID-19,11
2023-01-02,УрФО,Грипп,31
2023-01-02,УрФО,ОРВИ,198
2023-01-02,УрФО,Пневмония,23
2023-01-02,УрФО,Бронхит,35
2023-01-02,УрФО,COVID-19,17
2023-01-09,ЦФО,Грипп,25
2023-01-09,ЦФО,ОРВИ,196
2023-01-09,ЦФО,Пневмония,21
2023-01-09,ЦФО,Бронхит,48
2023-01-09,ЦФО,COVID-19,8
2023-01-09,СЗФО,Грипп,28
2023-01-09,СЗФО,ОРВИ,178
2023-01-09,СЗФО,Пневмония,21
2023-01-09,СЗФО,Бронхит,45
2023-01-09,СЗФО,COVID-19,9
2023-01-09,ЮФО,Грипп,21
2023-01-09,ЮФО,ОРВИ,214
2023-01-09,ЮФО,Пневмония,26
2023-01-09,ЮФО,Бронхит,46
2023-01-09,ЮФО,COVID-19,6
2023-01-09,ПФО,Грипп,29
2023-01-09,ПФО,ОРВИ,214
2023-01-09,ПФО,Пневмония,20
2023-01-09,ПФО,Бронхит,33
2023-01-09,ПФО,COVID-19,6
2023-01-09,УрФО,Грипп,34
2023-01-09,УрФО,ОРВИ,181
2023-01-09,УрФО,Пневмония,21
2023-01-09,УрФО,Бронхит,34
2023-01-09,УрФО,COVID-19,7
2023-01-16,ЦФО,Грипп,25
2023-01-16,ЦФО,ОРВИ,185
2023-01-16,ЦФО,Пневмония,21
2023-01-16,ЦФО,Бронхит,58
2023-01-16,ЦФО,COVID-19,4
2023-01-16,СЗФО,Грипп,24
2023-01-16,СЗФО,ОРВИ,199
2023-01-16,СЗФО,Пневмония,23
2023-01-16,СЗФО,Бронхит,43
2023-01-16,СЗФО,COVID-19,6
2023-01-16,ЮФО,Грипп,22
2023-01-16,ЮФО,ОРВИ,209
2023-01-16,ЮФО,Пневмония,26
2023-01-16,ЮФО,Бронхит,42
2023-01-16,ЮФО,COVID-19,10
2023-01-16,ПФО,Грипп,19
2023-01-16,ПФО,ОРВИ,252
2023-01-16,ПФО,Пневмония,18
2023-01-16,ПФО,Бронхит,37
2023-01-16,ПФО,COVID-19,16
2023-01-16,УрФО,Грипп,26
2023-01-16,УрФО,ОРВИ,200
2023-01-16,УрФО,Пневмония,9
2023-01-16,УрФО,Бронхит,59
2023-01-16,УрФО,COVID-19,8
2023-01-23,ЦФО,Грипп,22
2023-01-23,ЦФО,ОРВИ,191
2023-01-23,ЦФО,Пневмония,22
2023-01-23,ЦФО,Бронхит,43
2023-01-23,ЦФО,COVID-19,7
2023-01-23,СЗФО,Грипп,36
2023-01-23,СЗФО,ОРВИ,210
2023-01-23,СЗФО,Пневмония,19
2023-01-23,СЗФО,Бронхит,34
2023-01-23,СЗФО,COVID-19,4
2023-01-23,ЮФО,Грипп,31
2023-01-23,ЮФО,ОРВИ,213
2023-01-23,ЮФО,Пневмония,17
2023-01-23,ЮФО,Бронхит,53
2023-01-23,ЮФО,COVID-19,6
2023-01-23,ПФО,Грипп,20
2023-01-23,ПФО,ОРВИ,185
2023-01-23,ПФО,Пневмония,22
2023-01-23,ПФО,Бронхит,47
2023-01-23,ПФО,COVID-19,6
2023-01-23,УрФО,Грипп,27
2023-01-23,УрФО,ОРВИ,199
2023-01-23,УрФО,Пневмония,28
2023-01-23,УрФО,Бронхит,47
2023-01-23,УрФО,COVID-19,7
2023-01-30,ЦФО,Грипп,27
2023-01-30,ЦФО,ОРВИ,199
2023-01-30,ЦФО,Пневмония,23
2023-01-30,ЦФО,Бронхит,36
2023-01-30,ЦФО,COVID-19,11
2023-01-30,СЗФО,Грипп,21
2023-01-30,СЗФО,ОРВИ,187
2023-01-30,СЗФО,Пневмония,15
2023-01-30,СЗФО,Бронхит,39
2023-01-30,СЗФО,COVID-19,11
2023-01-30,ЮФО,Грипп,28
2023-01-30,ЮФО,ОРВИ,171
2023-01-30,ЮФО,Пневмония,15
2023-01-30,ЮФО,Бронхит,22
2023-01-30,ЮФО,COVID-19,9
2023-01-30,ПФО,Грипп,35
2023-01-30,ПФО,ОРВИ,201
2023-01-30,ПФО,Пневмония,17
2023-01-30,ПФО,Бронхит,35
2023-01-30,ПФО,COVID-19,11
2023-01-30,УрФО,Грипп,31
2023-01-30,УрФО,ОРВИ,210
2023-01-30,УрФО,Пневмония,21
2023-01-30,УрФО,Бронхит,42
2023-01-30,УрФО,COVID-19,8
2023-02-06,ЦФО,Грипп,30
2023-02-06,ЦФО,ОРВИ,230
2023-02-06,ЦФО,Пневмония,14
2023-02-06,ЦФО,Бронхит,31
2023-02-06,ЦФО,COVID-19,12
2023-02-06,СЗФО,Грипп,35
2023-02-06,СЗФО,ОРВИ,200
2023-02-06,СЗФО,Пневмония,26
2023-02-06,СЗФО,Бронхит,49
2023-02-06,СЗФО,COVID-19,6
2023-02-06,ЮФО,Грипп,30
2023-02-06,ЮФО,ОРВИ,185
2023-02-06,ЮФО,Пневмония,16
2023-02-06,ЮФО,Бронхит,39
2023-02-06,ЮФО,COVID-19,14
2023-02-06,ПФО,Грипп,41
2023-02-06,ПФО,ОРВИ,228
2023-02-06,ПФО,Пневмония,27
2023-02-06,ПФО,Бронхит,50
2023-02-06,ПФО,COVID-19,8
2023-02-06,УрФО,Грипп,33
2023-02-06,УрФО,ОРВИ,217
2023-02-06,УрФО,Пневмония,21
2023-02-06,УрФО,Бронхит,24
2023-02-06,УрФО,COVID-19,11
2023-02-13,ЦФО,Грипп,24
2023-02-13,ЦФО,ОРВИ,204
2023-02-13,ЦФО,Пневмония,22
2023-02-13,ЦФО,Бронхит,45
2023-02-13,ЦФО,COVID-19,11
2023-02-13,СЗФО,Грипп,23
2023-02-13,СЗФО,ОРВИ,206
2023-02-13,СЗФО,Пневмония,21
2023-02-13,СЗФО,Бронхит,45
2023-02-13,СЗФО,COVID-19,10
2023-02-13,ЮФО,Грипп,40
2023-02-13,ЮФО,ОРВИ,213
2023-02-13,ЮФО,Пневмония,13
2023-02-13,ЮФО,Бронхит,45
2023-02-13,ЮФО,COVID-19,12
2023-02-13,ПФО,Грипп,24
2023-02-13,ПФО,ОРВИ,195
2023-02-13,ПФО,Пневмония,18
2023-02-13,ПФО,Бронхит,44
2023-02-13,ПФО,COVID-19,8
2023-02-13,УрФО,Грипп,26
2023-02-13,УрФО,ОРВИ,203
2023-02-13,УрФО,Пневмония,15
2023-02-13,УрФО,Бронхит,33
2023-02-13,УрФО,COVID-19,13
2023-02-20,ЦФО,Грипп,23
2023-02-20,ЦФО,ОРВИ,180
2023-02-20,ЦФО,Пневмония,20
2023-02-20,ЦФО,Бронхит,40
2023-02-20,ЦФО,COVID-19,11
2023-02-20,СЗФО,Грипп,21
2023-02-20,СЗФО,ОРВИ,195
2023-02-20,СЗФО,Пневмония,18
2023-02-20,СЗФО,Бронхит,39
2023-02-20,СЗФО,COVID-19,4
2023-02-20,ЮФО,Грипп,17
2023-02-20,ЮФО,ОРВИ,199
2023-02-20,ЮФО,Пневмония,22
2023-02-20,ЮФО,Бронхит,48
2023-02-20,ЮФО,COVID-19,12
2023-02-20,ПФО,Грипп,25
2023-02-20,ПФО,ОРВИ,197
2023-02-20,ПФО,Пневмония,22
2023-02-20,ПФО,Бронхит,42
2023-02-20,ПФО,COVID-19,13
2023-02-20,УрФО,Грипп,28
2023-02-20,УрФО,ОРВИ,203
2023-02-20,УрФО,Пневмония,28
2023-02-20,УрФО,Бронхит,38
2023-02-20,УрФО,COVID-19,13
2023-02-27,ЦФО,Грипп,22
2023-02-27,ЦФО,ОРВИ,242
2023-02-27,ЦФО,Пневмония,21
2023-02-27,ЦФО,Бронхит,39
2023-02-27,ЦФО,COVID-19,5
2023-02-27,СЗФО,Грипп,44
2023-02-27,СЗФО,ОРВИ,192
2023-02-27,СЗФО,Пневмония,23
2023-02-27,СЗФО,Бронхит,48
2023-02-27,СЗФО,COVID-19,11
2023-02-27,ЮФО,Грипп,35
2023-02-27,ЮФО,ОРВИ,196
2023-02-27,ЮФО,Пневмония,19
2023-02-27,ЮФО,Бронхит,54
2023-02-27,ЮФО,COVID-19,13
2023-02-27,ПФО,Грипп,43
2023-02-27,ПФО,ОРВИ,197
2023-02-27,ПФО,Пневмония,16
2023-02-27,ПФО,Бронхит,42
2023-02-27,ПФО,COVID-19,8
2023-02-27,УрФО,Грипп,30
2023-02-27,УрФО,ОРВИ,175
2023-02-27,УрФО,Пневмония,20
2023-02-27,УрФО,Бронхит,33
2023-02-27,УрФО,COVID-19,10
2023-03-06,ЦФО,Грипп,29
2023-03-06,ЦФО,ОРВИ,214
2023-03-06,ЦФО,Пневмония,22
2023-03-06,ЦФО,Бронхит,36
2023-03-06,ЦФО,COVID-19,8
2023-03-06,СЗФО,Грипп,27
2023-03-06,СЗФО,ОРВИ,177
2023-03-06,СЗФО,Пневмония,17
2023-03-06,СЗФО,Бронхит,29
2023-03-06,СЗФО,COVID-19,10
2023-03-06,ЮФО,Грипп,25
2023-03-06,ЮФО,ОРВИ,199
2023-03-06,ЮФО,Пневмония,13
2023-03-06,ЮФО,Бронхит,41
2023-03-06,ЮФО,COVID-19,14
2023-03-06,ПФО,Грипп,33
2023-03-06,ПФО,ОРВИ,215
2023-03-06,ПФО,Пневмония,19
2023-03-06,ПФО,Бронхит,51
2023-03-06,ПФО,COVID-19,6
2023-03-06,УрФО,Грипп,27
2023-03-06,УрФО,ОРВИ,191
2023-03-06,УрФО,Пневмония,20
2023-03-06,УрФО,Бронхит,34
2023-03-06,УрФО,COVID-19,16
2023-03-13,ЦФО,Грипп,34
2023-03-13,ЦФО,ОРВИ,195
2023-03-13,ЦФО,Пневмония,19
2023-03-13,ЦФО,Бронхит,41
2023-03-13,ЦФО,COVID-19,8
2023-03-13,СЗФО,Грипп,31
2023-03-13,СЗФО,ОРВИ,162
2023-03-13,СЗФО,Пневмония,18
2023-03-13,СЗФО,Бронхит,26
2023-03-13,СЗФО,COVID-19,10
2023-03-13,ЮФО,Грипп,25
2023-03-13,ЮФО,ОРВИ,210
2023-03-13,ЮФО,Пневмония,19
2023-03-13,ЮФО,Бронхит,52
2023-03-13,ЮФО,COVID-19,12
2023-03-13,ПФО,Грипп,32
2023-03-13,ПФО,ОРВИ,202
2023-03-13,ПФО,Пневмония,24
2023-03-13,ПФО,Бронхит,38
2023-03-13,ПФО,COVID-19,7
2023-03-13,УрФО,Грипп,25
2023-03-13,УрФО,ОРВИ,221
2023-03-13,УрФО,Пневмония,22
2023-03-13,УрФО,Бронхит,41
2023-03-13,УрФО,COVID-19,12
2023-03-20,ЦФО,Грипп,29
2023-03-20,ЦФО,ОРВИ,194
2023-03-20,ЦФО,Пневмония,22
2023-03-20,ЦФО,Бронхит,49
2023-03-20,ЦФО,COVID-19,10
2023-03-20,СЗФО,Грипп,42
2023-03-20,СЗФО,ОРВИ,221
2023-03-20,СЗФО,Пневмония,23
2023-03-20,СЗФО,Бронхит,38
2023-03-20,СЗФО,COVID-19,17
2023-03-20,ЮФО,Грипп,28
2023-03-20,ЮФО,ОРВИ,214
2023-03-20,ЮФО,Пневмония,15
2023-03-20,ЮФО,Бронхит,35
2023-03-20,ЮФО,COVID-19,10
2023-03-20,ПФО,Грипп,25
2023-03-20,ПФО,ОРВИ,198
2023-03-20,ПФО,Пневмония,24
2023-03-20,ПФО,Бронхит,44
2023-03-20,ПФО,COVID-19,10
2023-03-20,УрФО,Грипп,29
2023-03-20,УрФО,ОРВИ,228
2023-03-20,УрФО,Пневмония,26
2023-03-20,УрФО,Бронхит,41
2023-03-20,УрФО,COVID-19,14
2023-03-27,ЦФО,Грипп,31
2023-03-27,ЦФО,ОРВИ,205
2023-03-27,ЦФО,Пневмония,17
2023-03-27,ЦФО,Бронхит,34
2023-03-27,ЦФО,COVID-19,12
2023-03-27,СЗФО,Грипп,27
2023-03-27,СЗФО,ОРВИ,191
2023-03-27,СЗФО,Пневмония,16
2023-03-27,СЗФО,Бронхит,46
2023-03-27,СЗФО,COVID-19,8
2023-03-27,ЮФО,Грипп,26
2023-03-27,ЮФО,ОРВИ,191
2023-03-27,ЮФО,Пневмония,15
2023-03-27,ЮФО,Бронхит,43
2023-03-27,ЮФО,COVID-19,9
2023-03-27,ПФО,Грипп,33
2023-03-27,ПФО,ОРВИ,196
2023-03-27,ПФО,Пневмония,19
2023-03-27,ПФО,Бронхит,54
2023-03-27,ПФО,COVID-19,14
2023-03-27,УрФО,Грипп,32
2023-03-27,УрФО,ОРВИ,176
2023-03-27,УрФО,Пневмония,10
2023-03-27,УрФО,Бронхит,48
2023-03-27,УрФО,COVID-19,17
2023-04-03,ЦФО,Грипп,24
2023-04-03,ЦФО,ОРВИ,211
2023-04-03,ЦФО,Пневмония,17
2023-04-03,ЦФО,Бронхит,40
2023-04-03,ЦФО,COVID-19,10
2023-04-03,СЗФО,Грипп,31
2023-04-03,СЗФО,ОРВИ,223
2023-04-03,СЗФО,Пневмония,24
2023-04-03,СЗФО,Бронхит,46
2023-04-03,СЗФО,COVID-19,8
2023-04-03,ЮФО,Грипп,31
2023-04-03,ЮФО,ОРВИ,222
2023-04-03,ЮФО,Пневмония,22
2023-04-03,ЮФО,Бронхит,35
2023-04-03,ЮФО,COVID-19,8
2023-04-03,ПФО,Грипп,40
2023-04-03,ПФО,ОРВИ,178
2023-04-03,ПФО,Пневмония,21
2023-04-03,ПФО,Бронхит,31
2023-04-03,ПФО,COVID-19,11
2023-04-03,УрФО,Грипп,30
2023-04-03,УрФО,ОРВИ,168
2023-04-03,УрФО,Пневмония,28
2023-04-03,УрФО,Бронхит,40
2023-04-03,УрФО,COVID-19,16
2023-04-10,ЦФО,Грипп,25
2023-04-10,ЦФО,ОРВИ,184
2023-04-10,ЦФО,Пневмония,22
2023-04-10,ЦФО,Бронхит,37
2023-04-10,ЦФО,COVID-19,14
2023-04-10,СЗФО,Грипп,36
2023-04-10,СЗФО,ОРВИ,199
2023-04-10,СЗФО,Пневмония,14
2023-04-10,СЗФО,Бронхит,44
2023-04-10,СЗФО,COVID-19,8
2023-04-10,ЮФО,Грипп,33
2023-04-10,ЮФО,ОРВИ,174
2023-04-10,ЮФО,Пневмония,28
2023-04-10,ЮФО,Бронхит,32
2023-04-10,ЮФО,COVID-19,4
2023-04-10,ПФО,Грипп,29
2023-04-10,ПФО,ОРВИ,226
2023-04-10,ПФО,Пневмония,18
2023-04-10,ПФО,Бронхит,41
2023-04-10,ПФО,COVID-19,8
2023-04-10,УрФО,Грипп,29
2023-04-10,УрФО,ОРВИ,176
2023-04-10,УрФО,Пневмония,24
2023-04-10,УрФО,Бронхит,36
2023-04-10,УрФО,COVID-19,5
2023-04-17,ЦФО,Грипп,39
2023-04-17,ЦФО,ОРВИ,202
2023-04-17,ЦФО,Пневмония,23
2023-04-17,ЦФО,Бронхит,54
2023-04-17,ЦФО,COVID-19,8
2023-04-17,СЗФО,Грипп,27
2023-04-17,СЗФО,ОРВИ,209
2023-04-17,СЗФО,Пневмония,19
2023-04-17,СЗФО,Бронхит,46
2023-04-17,СЗФО,COVID-19,8
2023-04-17,ЮФО,Грипп,41
2023-04-17,ЮФО,ОРВИ,176
2023-04-17,ЮФО,Пневмония,27
2023-04-17,ЮФО,Бронхит,47
2023-04-17,ЮФО,COVID-19,15
2023-04-17,ПФО,Грипп,30
2023-04-17,ПФО,ОРВИ,201
2023-04-17,ПФО,Пневмония,21
2023-04-17,ПФО,Бронхит,40
2023-04-17,ПФО,COVID-19,11
2023-04-17,УрФО,Грипп,33
2023-04-17,УрФО,ОРВИ,197
2023-04-17,УрФО,Пневмония,21
2023-04-17,УрФО,Бронхит,39
2023-04-17,УрФО,COVID-19,9
2023-04-24,ЦФО,Грипп,31
2023-04-24,ЦФО,ОРВИ,187
2023-04-24,ЦФО,Пневмония,29
2023-04-24,ЦФО,Бронхит,33
2023-04-24,ЦФО,COVID-19,5
2023-04-24,СЗФО,Грипп,33
2023-04-24,СЗФО,ОРВИ,190
2023-04-24,СЗФО,Пневмония,23
2023-04-24,СЗФО,Бронхит,33
2023-04-24,СЗФО,COVID-19,10
2023-04-24,ЮФО,Грипп,39
2023-04-24,ЮФО,ОРВИ,200
2023-04-24,ЮФО,Пневмония,17
2023-04-24,ЮФО,Бронхит,41
2023-04-24,ЮФО,COVID-19,11
2023-04-24,ПФО,Грипп,33
2023-04-24,ПФО,ОРВИ,213
2023-04-24,ПФО,Пневмония,29
2023-04-24,ПФО,Бронхит,39
2023-04-24,ПФО,COVID-19,12
2023-04-24,УрФО,Грипп,23
2023-04-24,УрФО,ОРВИ,241
2023-04-24,УрФО,Пневмония,18
2023-04-24,УрФО,Бронхит,37
2023-04-24,УрФО,COVID-19,7
2023-05-01,ЦФО,Грипп,28
2023-05-01,ЦФО,ОРВИ,189
2023-05-01,ЦФО,Пневмония,23
2023-05-01,ЦФО,Бронхит,35
2023-05-01,ЦФО,COVID-19,13
2023-05-01,СЗФО,Грипп,31
2023-05-01,СЗФО,ОРВИ,204
2023-05-01,СЗФО,Пневмония,12
2023-05-01,СЗФО,Бронхит,29
2023-05-01,СЗФО,COVID-19,15
2023-05-01,ЮФО,Грипп,24
2023-05-01,ЮФО,ОРВИ,218
2023-05-01,ЮФО,Пневмония,18
2023-05-01,ЮФО,Бронхит,38
2023-05-01,ЮФО,COVID-19,8
2023-05-01,ПФО,Грипп,32
2023-05-01,ПФО,ОРВИ,170
2023-05-01,ПФО,Пневмония,28
2023-05-01,ПФО,Бронхит,48
2023-05-01,ПФО,COVID-19,18
2023-05-01,УрФО,Грипп,34
2023-05-01,УрФО,ОРВИ,200
2023-05-01,УрФО,Пневмония,25
2023-05-01,УрФО,Бронхит,29
2023-05-01,УрФО,COVID-19,18
2023-05-08,ЦФО,Грипп,45
2023-05-08,ЦФО,ОРВИ,200
2023-05-08,ЦФО,Пневмония,21
2023-05-08,ЦФО,Бронхит,35
2023-05-08,ЦФО,COVID-19,11
2023-05-08,СЗФО,Грипп,29
2023-05-08,СЗФО,ОРВИ,200
2023-05-08,СЗФО,Пневмония,21
2023-05-08,СЗФО,Бронхит,31
2023-05-08,СЗФО,COVID-19,12
2023-05-08,ЮФО,Грипп,24
2023-05-08,ЮФО,ОРВИ,197
2023-05-08,ЮФО,Пневмония,27
2023-05-08,ЮФО,Бронхит,38
2023-05-08,ЮФО,COVID-19,14
2023-05-08,ПФО,Грипп,19
2023-05-08,ПФО,ОРВИ,205
2023-05-08,ПФО,Пневмония,17
2023-05-08,ПФО,Бронхит,37
2023-05-08,ПФО,COVID-19,8
2023-05-08,УрФО,Грипп,37
2023-05-08,УрФО,ОРВИ,202
2023-05-08,УрФО,Пневмония,24
2023-05-08,УрФО,Бронхит,33
2023-05-08,УрФО,COVID-19,10
2023-05-15,ЦФО,Грипп,27
2023-05-15,ЦФО,ОРВИ,193
2023-05-15,ЦФО,Пневмония,20
2023-05-15,ЦФО,Бронхит,48
2023-05-15,ЦФО,COVID-19,8
2023-05-15,СЗФО,Грипп,34
2023-05-15,СЗФО,ОРВИ,185
2023-05-15,СЗФО,Пневмония,26
2023-05-15,СЗФО,Бронхит,45
2023-05-15,СЗФО,COVID-19,10
2023-05-15,ЮФО,Грипп,33
2023-05-15,ЮФО,ОРВИ,189
2023-05-15,ЮФО,Пневмония,17
2023-05-15,ЮФО,Бронхит,43
2023-05-15,ЮФО,COVID-19,14
2023-05-15,ПФО,Грипп,33
2023-05-15,ПФО,ОРВИ,197
2023-05-15,ПФО,Пневмония,19
2023-05-15,ПФО,Бронхит,51
2023-05-15,ПФО,COVID-19,10
2023-05-15,УрФО,Грипп,19
2023-05-15,УрФО,ОРВИ,187
2023-05-15,УрФО,Пневмония,22
2023-05-15,УрФО,Бронхит,36
2023-05-15,УрФО,COVID-19,14
2023-05-22,ЦФО,Грипп,32
2023-05-22,ЦФО,ОРВИ,201
2023-05-22,ЦФО,Пневмония,17
2023-05-22,ЦФО,Бронхит,29
2023-05-22,ЦФО,COVID-19,18
2023-05-22,СЗФО,Грипп,40
2023-05-22,СЗФО,ОРВИ,188
2023-05-22,СЗФО,Пневмония,18
2023-05-22,СЗФО,Бронхит,30
2023-05-22,СЗФО,COVID-19,10
2023-05-22,ЮФО,Грипп,33
2023-05-22,ЮФО,ОРВИ,193
2023-05-22,ЮФО,Пневмония,19
2023-05-22,ЮФО,Бронхит,46
2023-05-22,ЮФО,COVID-19,11
2023-05-22,ПФО,Грипп,36
2023-05-22,ПФО,ОРВИ,208
2023-05-22,ПФО,Пневмония,20
2023-05-22,ПФО,Бронхит,46
2023-05-22,ПФО,COVID-19,7
2023-05-22,УрФО,Грипп,27
2023-05-22,УрФО,ОРВИ,206
2023-05-22,УрФО,Пневмония,21
2023-05-22,УрФО,Бронхит,41
2023-05-22,УрФО,COVID-19,8
2023-05-29,ЦФО,Грипп,23
2023-05-29,ЦФО,ОРВИ,207
2023-05-29,ЦФО,Пневмония,19
2023-05-29,ЦФО,Бронхит,47
2023-05-29,ЦФО,COVID-19,13
2023-05-29,СЗФО,Грипп,32
2023-05-29,СЗФО,ОРВИ,229
2023-05-29,СЗФО,Пневмония,21
2023-05-29,СЗФО,Бронхит,45
2023-05-29,СЗФО,COVID-19,11
2023-05-29,ЮФО,Грипп,22
2023-05-29,ЮФО,ОРВИ,200
2023-05-29,ЮФО,Пневмония,17
2023-05-29,ЮФО,Бронхит,33
2023-05-29,ЮФО,COVID-19,10
2023-05-29,ПФО,Грипп,33
2023-05-29,ПФО,ОРВИ,177
2023-05-29,ПФО,Пневмония,14
2023-05-29,ПФО,Бронхит,46
2023-05-29,ПФО,COVID-19,15
2023-05-29,УрФО,Грипп,28
2023-05-29,УрФО,ОРВИ,206
2023-05-29,УрФО,Пневмония,24
2023-05-29,УрФО,Бронхит,44
2023-05-29,УрФО,COVID-19,9
2023-06-05,ЦФО,Грипп,27
2023-06-05,ЦФО,ОРВИ,228
2023-06-05,ЦФО,Пневмония,26
2023-06-05,ЦФО,Бронхит,38
2023-06-05,ЦФО,COVID-19,13
2023-06-05,СЗФО,Грипп,28
2023-06-05,СЗФО,ОРВИ,192
2023-06-05,СЗФО,Пневмония,27
2023-06-05,СЗФО,Бронхит,47
2023-06-05,СЗФО,COVID-19,6
2023-06-05,ЮФО,Грипп,30
2023-06-05,ЮФО,ОРВИ,179
2023-06-05,ЮФО,Пневмония,16
2023-06-05,ЮФО,Бронхит,33
2023-06-05,ЮФО,COVID-19,10
2023-06-05,ПФО,Грипп,22
2023-06-05,ПФО,ОРВИ,200
2023-06-05,ПФО,Пневмония,16
2023-06-05,ПФО,Бронхит,39
2023-06-05,ПФО,COVID-19,11
2023-06-05,УрФО,Грипп,36
2023-06-05,УрФО,ОРВИ,175
2023-06-05,УрФО,Пневмония,19
2023-06-05,УрФО,Бронхит,41
2023-06-05,УрФО,COVID-19,10
2023-06-12,ЦФО,Грипп,34
2023-06-12,ЦФО,ОРВИ,229
2023-06-12,ЦФО,Пневмония,23
2023-06-12,ЦФО,Бронхит,34
2023-06-12,ЦФО,COVID-19,11
2023-06-12,СЗФО,Грипп,25
2023-06-12,СЗФО,ОРВИ,220
2023-06-12,СЗФО,Пневмония,22
2023-06-12,СЗФО,Бронхит,49
2023-06-12,СЗФО,COVID-19,13
2023-06-12,ЮФО,Грипп,30
2023-06-12,ЮФО,ОРВИ,220
2023-06-12,ЮФО,Пневмония,17
2023-06-12,ЮФО,Бронхит,37
2023-06-12,ЮФО,COVID-19,7
2023-06-12,ПФО,Грипп,26
2023-06-12,ПФО,ОРВИ,216
2023-06-12,ПФО,Пневмония,23
2023-06-12,ПФО,Бронхит,34
2023-06-12,ПФО,COVID-19,4
2023-06-12,УрФО,Грипп,32
2023-06-12,УрФО,ОРВИ,192
2023-06-12,УрФО,Пневмония,24
2023-06-12,УрФО,Бронхит,50
2023-06-12,УрФО,COVID-19,13
2023-06-19,ЦФО,Грипп,36
2023-06-19,ЦФО,ОРВИ,202
2023-06-19,ЦФО,Пневмония,10
2023-06-19,ЦФО,Бронхит,32
2023-06-19,ЦФО,COVID-19,8
2023-06-19,СЗФО,Грипп,33
2023-06-19,СЗФО,ОРВИ,182
2023-06-19,СЗФО,Пневмония,14
2023-06-19,СЗФО,Бронхит,41
2023-06-19,СЗФО,COVID-19,15
2023-06-19,ЮФО,Грипп,32
2023-06-19,ЮФО,ОРВИ,208
2023-06-19,ЮФО,Пневмония,23
2023-06-19,ЮФО,Бронхит,48
2023-06-19,ЮФО,COVID-19,11
2023-06-19,ПФО,Грипп,31
2023-06-19,ПФО,ОРВИ,206
2023-06-19,ПФО,Пневмония,18
2023-06-19,ПФО,Бронхит,35
2023-06-19,ПФО,COVID-19,9
2023-06-19,УрФО,Грипп,22
2023-06-19,УрФО,ОРВИ,196
2023-06-19,УрФО,Пневмония,24
2023-06-19,УрФО,Бронхит,43
2023-06-19,УрФО,COVID-19,6
2023-06-26,ЦФО,Грипп,35
2023-06-26,ЦФО,ОРВИ,193
2023-06-26,ЦФО,Пневмония,13
2023-06-26,ЦФО,Бронхит,43
2023-06-26,ЦФО,COVID-19,14
2023-06-26,СЗФО,Грипп,30
2023-06-26,СЗФО,ОРВИ,209
2023-06-26,СЗФО,Пневмония,17
2023-06-26,СЗФО,Бронхит,45
2023-06-26,СЗФО,COVID-19,11
2023-06-26,ЮФО,Грипп,33
2023-06-26,ЮФО,ОРВИ,195
2023-06-26,ЮФО,Пневмония,24
2023-06-26,ЮФО,Бронхит,38
2023-06-26,ЮФО,COVID-19,11
2023-06-26,ПФО,Грипп,24
2023-06-26,ПФО,ОРВИ,184
2023-06-26,ПФО,Пневмония,20
2023-06-26,ПФО,Бронхит,33
2023-06-26,ПФО,COVID-19,8
2023-06-26,УрФО,Грипп,21
2023-06-26,УрФО,ОРВИ,222
2023-06-26,УрФО,Пневмония,19
2023-06-26,УрФО,Бронхит,44
2023-06-26,УрФО,COVID-19,8
2023-07-03,ЦФО,Грипп,35
2023-07-03,ЦФО,ОРВИ,197
2023-07-03,ЦФО,Пневмония,25
2023-07-03,ЦФО,Бронхит,39
2023-07-03,ЦФО,COVID-19,12
2023-07-03,СЗФО,Грипп,24
2023-07-03,СЗФО,ОРВИ,186
2023-07-03,СЗФО,Пневмония,19
2023-07-03,СЗФО,Бронхит,34
2023-07-03,СЗФО,COVID-19,5
2023-07-03,ЮФО,Грипп,37
2023-07-03,ЮФО,ОРВИ,211
2023-07-03,ЮФО,Пневмония,19
2023-07-03,ЮФО,Бронхит,31
2023-07-03,ЮФО,COVID-19,8
2023-07-03,ПФО,Грипп,22
2023-07-03,ПФО,ОРВИ,174
2023-07-03,ПФО,Пневмония,21
2023-07-03,ПФО,Бронхит,45
2023-07-03,ПФО,COVID-19,10
2023-07-03,УрФО,Грипп,38
2023-07-03,УрФО,ОРВИ,217
2023-07-03,УрФО,Пневмония,19
2023-07-03,УрФО,Бронхит,38
2023-07-03,УрФО,COVID-19,12
2023-07-10,ЦФО,Грипп,25
2023-07-10,ЦФО,ОРВИ,199
2023-07-10,ЦФО,Пневмония,21
2023-07-10,ЦФО,Бронхит,24
2023-07-10,ЦФО,COVID-19,7
2023-07-10,СЗФО,Грипп,22
2023-07-10,СЗФО,ОРВИ,189
2023-07-10,СЗФО,Пневмония,16
2023-07-10,СЗФО,Бронхит,40
2023-07-10,СЗФО,COVID-19,9
2023-07-10,ЮФО,Грипп,36
2023-07-10,ЮФО,ОРВИ,201
2023-07-10,ЮФО,Пневмония,23
2023-07-10,ЮФО,Бронхит,38
2023-07-10,ЮФО,COVID-19,8
2023-07-10,ПФО,Грипп,36
2023-07-10,ПФО,ОРВИ,198
2023-07-10,ПФО,Пневмония,26
2023-07-10,ПФО,Бронхит,36
2023-07-10,ПФО,COVID-19,9
2023-07-10,УрФО,Грипп,29
2023-07-10,УрФО,ОРВИ,197
2023-07-10,УрФО,Пневмония,18
2023-07-10,УрФО,Бронхит,36
2023-07-10,УрФО,COVID-19,4
2023-07-17,ЦФО,Грипп,29
2023-07-17,ЦФО,ОРВИ,192
2023-07-17,ЦФО,Пневмония,24
2023-07-17,ЦФО,Бронхит,48
2023-07-17,ЦФО,COVID-19,9
2023-07-17,СЗФО,Грипп,26
2023-07-17,СЗФО,ОРВИ,221
2023-07-17,СЗФО,Пневмония,22
2023-07-17,СЗФО,Бронхит,37
2023-07-17,СЗФО,COVID-19,10
2023-07-17,ЮФО,Грипп,38
2023-07-17,ЮФО,ОРВИ,201
2023-07-17,ЮФО,Пневмония,13
2023-07-17,ЮФО,Бронхит,39
2023-07-17,ЮФО,COVID-19,11
2023-07-17,ПФО,Грипп,33
2023-07-17,ПФО,ОРВИ,200
2023-07-17,ПФО,Пневмония,25
2023-07-17,ПФО,Бронхит,41
2023-07-17,ПФО,COVID-19,9
2023-07-17,УрФО,Грипп,31
2023-07-17,УрФО,ОРВИ,196
2023-07-17,УрФО,Пневмония,28
2023-07-17,УрФО,Бронхит,42
2023-07-17,УрФО,COVID-19,7
2023-07-24,ЦФО,Грипп,31
2023-07-24,ЦФО,ОРВИ,218
2023-07-24,ЦФО,Пневмония,27
2023-07-24,ЦФО,Бронхит,38
2023-07-24,ЦФО,COVID-19,11
2023-07-24,СЗФО,Грипп,39
2023-07-24,СЗФО,ОРВИ,206
2023-07-24,СЗФО,Пневмония,17
2023-07-24,СЗФО,Бронхит,38
2023-07-24,СЗФО,COVID-19,11
2023-07-24,ЮФО,Грипп,24
2023-07-24,ЮФО,ОРВИ,195
2023-07-24,ЮФО,Пневмония,20
2023-07-24,ЮФО,Бронхит,44
2023-07-24,ЮФО,COVID-19,6
2023-07-24,ПФО,Грипп,33
2023-07-24,ПФО,ОРВИ,192
2023-07-24,ПФО,Пневмония,17
2023-07-24,ПФО,Бронхит,34
2023-07-24,ПФО,COVID-19,8
2023-07-24,УрФО,Грипп,22
2023-07-24,УрФО,ОРВИ,183
2023-07-24,УрФО,Пневмония,14
2023-07-24,УрФО,Бронхит,33
2023-07-24,УрФО,COVID-19,12
2023-07-31,ЦФО,Грипп,32
2023-07-31,ЦФО,ОРВИ,210
2023-07-31,ЦФО,Пневмония,17
2023-07-31,ЦФО,Бронхит,32
2023-07-31,ЦФО,COVID-19,9
2023-07-31,СЗФО,Грипп,31
2023-07-31,СЗФО,ОРВИ,198
2023-07-31,СЗФО,Пневмония,38
2023-07-31,СЗФО,Бронхит,47
2023-07-31,СЗФО,COVID-19,14
2023-07-31,ЮФО,Грипп,34
2023-07-31,ЮФО,ОРВИ,202
2023-07-31,ЮФО,Пневмония,27
2023-07-31,ЮФО,Бронхит,39
2023-07-31,ЮФО,COVID-19,14
2023-07-31,ПФО,Грипп,39
2023-07-31,ПФО,ОРВИ,218
2023-07-31,ПФО,Пневмония,25
2023-07-31,ПФО,Бронхит,39
2023-07-31,ПФО,COVID-19,8
2023-07-31,УрФО,Грипп,44
2023-07-31,УрФО,ОРВИ,219
2023-07-31,УрФО,Пневмония,22
2023-07-31,УрФО,Бронхит,30
2023-07-31,УрФО,COVID-19,12
2023-08-07,ЦФО,Грипп,45
2023-08-07,ЦФО,ОРВИ,197
2023-08-07,ЦФО,Пневмония,18
2023-08-07,ЦФО,Бронхит,50
2023-08-07,ЦФО,COVID-19,11
2023-08-07,СЗФО,Грипп,22
2023-08-07,СЗФО,ОРВИ,196
2023-08-07,СЗФО,Пневмония,20
2023-08-07,СЗФО,Бронхит,38
2023-08-07,СЗФО,COVID-19,9
2023-08-07,ЮФО,Грипп,36
2023-08-07,ЮФО,ОРВИ,199
2023-08-07,ЮФО,Пневмония,20
2023-08-07,ЮФО,Бронхит,48
2023-08-07,ЮФО,COVID-19,10
2023-08-07,ПФО,Грипп,27
2023-08-07,ПФО,ОРВИ,196
2023-08-07,ПФО,Пневмония,20
2023-08-07,ПФО,Бронхит,39
2023-08-07,ПФО,COVID-19,8
2023-08-07,УрФО,Грипп,33
2023-08-07,УрФО,ОРВИ,203
2023-08-07,УрФО,Пневмония,20
2023-08-07,УрФО,Бронхит,38
2023-08-07,УрФО,COVID-19,9
2023-08-14,ЦФО,Грипп,30
2023-08-14,ЦФО,ОРВИ,196
2023-08-14,ЦФО,Пневмония,19
2023-08-14,ЦФО,Бронхит,44
2023-08-14,ЦФО,COVID-19,16
2023-08-14,СЗФО,Грипп,35
2023-08-14,СЗФО,ОРВИ,195
2023-08-14,СЗФО,Пневмония,14
2023-08-14,СЗФО,Бронхит,37
2023-08-14,СЗФО,COVID-19,9
2023-08-14,ЮФО,Грипп,31
2023-08-14,ЮФО,ОРВИ,192
2023-08-14,ЮФО,Пневмония,27
2023-08-14,ЮФО,Бронхит,35
2023-08-14,ЮФО,COVID-19,13
2023-08-14,ПФО,Грипп,34
2023-08-14,ПФО,ОРВИ,213
2023-08-14,ПФО,Пневмония,18
2023-08-14,ПФО,Бронхит,40
2023-08-14,ПФО,COVID-19,7
2023-08-14,УрФО,Грипп,28
2023-08-14,УрФО,ОРВИ,204
2023-08-14,УрФО,Пневмония,13
2023-08-14,УрФО,Бронхит,42
2023-08-14,УрФО,COVID-19,9
2023-08-21,ЦФО,Грипп,37
2023-08-21,ЦФО,ОРВИ,186
2023-08-21,ЦФО,Пневмония,15
2023-08-21,ЦФО,Бронхит,33
2023-08-21,ЦФО,COVID-19,6
2023-08-21,СЗФО,Грипп,39
2023-08-21,СЗФО,ОРВИ,193
2023-08-21,СЗФО,Пневмония,16
2023-08-21,СЗФО,Бронхит,45
2023-08-21,СЗФО,COVID-19,12
2023-08-21,ЮФО,Грипп,32
2023-08-21,ЮФО,ОРВИ,210
2023-08-21,ЮФО,Пневмония,20
2023-08-21,ЮФО,Бронхит,52
2023-08-21,ЮФО,COVID-19,10
2023-08-21,ПФО,Грипп,27
2023-08-21,ПФО,ОРВИ,191
2023-08-21,ПФО,Пневмония,16
2023-08-21,ПФО,Бронхит,39
2023-08-21,ПФО,COVID-19,9
2023-08-21,УрФО,Грипп,26
2023-08-21,УрФО,ОРВИ,182
2023-08-21,УрФО,Пневмония,18
2023-08-21,УрФО,Бронхит,44
2023-08-21,УрФО,COVID-19,8
2023-08-28,ЦФО,Грипп,28
2023-08-28,ЦФО,ОРВИ,216
2023-08-28,ЦФО,Пневмония,19
2023-08-28,ЦФО,Бронхит,36
2023-08-28,ЦФО,COVID-19,14
2023-08-28,СЗФО,Грипп,36
2023-08-28,СЗФО,ОРВИ,231
2023-08-28,СЗФО,Пневмония,17
2023-08-28,СЗФО,Бронхит,43
2023-08-28,СЗФО,COVID-19,8
2023-08-28,ЮФО,Грипп,31
2023-08-28,ЮФО,ОРВИ,200
2023-08-28,ЮФО,Пневмония,23
2023-08-28,ЮФО,Бронхит,39
2023-08-28,ЮФО,COVID-19,7
2023-08-28,ПФО,Грипп,38
2023-08-28,ПФО,ОРВИ,202
2023-08-28,ПФО,Пневмония,18
2023-08-28,ПФО,Бронхит,41
2023-08-28,ПФО,COVID-19,10
2023-08-28,УрФО,Грипп,34
2023-08-28,УрФО,ОРВИ,195
2023-08-28,УрФО,Пневмония,25
2023-08-28,УрФО,Бронхит,38
2023-08-28,УрФО,COVID-19,15
2023-09-04,ЦФО,Грипп,22
2023-09-04,ЦФО,ОРВИ,211
2023-09-04,ЦФО,Пневмония,14
2023-09-04,ЦФО,Бронхит,32
2023-09-04,ЦФО,COVID-19,13
2023-09-04,СЗФО,Грипп,28
2023-09-04,СЗФО,ОРВИ,209
2023-09-04,СЗФО,Пневмония,16
2023-09-04,СЗФО,Бронхит,41
2023-09-04,СЗФО,COVID-19,18
2023-09-04,ЮФО,Грипп,39
2023-09-04,ЮФО,ОРВИ,199
2023-09-04,ЮФО,Пневмония,12
2023-09-04,ЮФО,Бронхит,36
2023-09-04,ЮФО,COVID-19,11
2023-09-04,ПФО,Грипп,28
2023-09-04,ПФО,ОРВИ,197
2023-09-04,ПФО,Пневмония,30
2023-09-04,ПФО,Бронхит,41
2023-09-04,ПФО,COVID-19,8
2023-09-04,УрФО,Грипп,31
2023-09-04,УрФО,ОРВИ,193
2023-09-04,УрФО,Пневмония,18
2023-09-04,УрФО,Бронхит,37
2023-09-04,УрФО,COVID-19,10
2023-09-11,ЦФО,Грипп,30
2023-09-11,ЦФО,ОРВИ,213
2023-09-11,ЦФО,Пневмония,16
2023-09-11,ЦФО,Бронхит,52
2023-09-11,ЦФО,COVID-19,13
2023-09-11,СЗФО,Грипп,39
2023-09-11,СЗФО,ОРВИ,179
2023-09-11,СЗФО,Пневмония,28
2023-09-11,СЗФО,Бронхит,39
2023-09-11,СЗФО,COVID-19,5
2023-09-11,ЮФО,Грипп,30
2023-09-11,ЮФО,ОРВИ,205
2023-09-11,ЮФО,Пневмония,22
2023-09-11,ЮФО,Бронхит,53
2023-09-11,ЮФО,COVID-19,13
2023-09-11,ПФО,Грипп,41
2023-09-11,ПФО,ОРВИ,226
2023-09-11,ПФО,Пневмония,21
2023-09-11,ПФО,Бронхит,45
2023-09-11,ПФО,COVID-19,22
2023-09-11,УрФО,Грипп,39
2023-09-11,УрФО,ОРВИ,223
2023-09-11,УрФО,Пневмония,25
2023-09-11,УрФО,Бронхит,47
2023-09-11,УрФО,COVID-19,10
2023-09-18,ЦФО,Грипп,31
2023-09-18,ЦФО,ОРВИ,200
2023-09-18,ЦФО,Пневмония,18
2023-09-18,ЦФО,Бронхит,42
2023-09-18,ЦФО,COVID-19,10
2023-09-18,СЗФО,Грипп,31
2023-09-18,СЗФО,ОРВИ,212
2023-09-18,СЗФО,Пневмония,10
2023-09-18,СЗФО,Бронхит,33
2023-09-18,СЗФО,COVID-19,9
2023-09-18,ЮФО,Грипп,30
2023-09-18,ЮФО,ОРВИ,182
2023-09-18,ЮФО,Пневмония,15
2023-09-18,ЮФО,Бронхит,32
2023-09-18,ЮФО,COVID-19,7
2023-09-18,ПФО,Грипп,39
2023-09-18,ПФО,ОРВИ,200
2023-09-18,ПФО,Пневмония,20
2023-09-18,ПФО,Бронхит,47
2023-09-18,ПФО,COVID-19,8
2023-09-18,УрФО,Грипп,21
2023-09-18,УрФО,ОРВИ,193
2023-09-18,УрФО,Пневмония,21
2023-09-18,УрФО,Бронхит,32
2023-09-18,УрФО,COVID-19,9
2023-09-25,ЦФО,Грипп,23
2023-09-25,ЦФО,ОРВИ,187
2023-09-25,ЦФО,Пневмония,25
2023-09-25,ЦФО,Бронхит,39
2023-09-25,ЦФО,COVID-19,10
2023-09-25,СЗФО,Грипп,28
2023-09-25,СЗФО,ОРВИ,186
2023-09-25,СЗФО,Пневмония,16
2023-09-25,СЗФО,Бронхит,40
2023-09-25,СЗФО,COVID-19,6
2023-09-25,ЮФО,Грипп,39
2023-09-25,ЮФО,ОРВИ,222
2023-09-25,ЮФО,Пневмония,20
2023-09-25,ЮФО,Бронхит,43
2023-09-25,ЮФО,COVID-19,6
2023-09-25,ПФО,Грипп,34
2023-09-25,ПФО,ОРВИ,200
2023-09-25,ПФО,Пневмония,20
2023-09-25,ПФО,Бронхит,29
2023-09-25,ПФО,COVID-19,10
2023-09-25,УрФО,Грипп,34
2023-09-25,УрФО,ОРВИ,221
2023-09-25,УрФО,Пневмония,19
2023-09-25,УрФО,Бронхит,44
2023-09-25,УрФО,COVID-19,8
2023-10-02,ЦФО,Грипп,29
2023-10-02,ЦФО,ОРВИ,236
2023-10-02,ЦФО,Пневмония,28
2023-10-02,ЦФО,Бронхит,28
2023-10-02,ЦФО,COVID-19,17
2023-10-02,СЗФО,Грипп,31
2023-10-02,СЗФО,ОРВИ,224
2023-10-02,СЗФО,Пневмония,20
2023-10-02,СЗФО,Бронхит,45
2023-10-02,СЗФО,COVID-19,16
2023-10-02,ЮФО,Грипп,25
2023-10-02,ЮФО,ОРВИ,185
2023-10-02,ЮФО,Пневмония,17
2023-10-02,ЮФО,Бронхит,36
2023-10-02,ЮФО,COVID-19,5
2023-10-02,ПФО,Грипп,24
2023-10-02,ПФО,ОРВИ,205
2023-10-02,ПФО,Пневмония,13
2023-10-02,ПФО,Бронхит,29
2023-10-02,ПФО,COVID-19,7
2023-10-02,УрФО,Грипп,30
2023-10-02,УрФО,ОРВИ,197
2023-10-02,УрФО,Пневмония,21
2023-10-02,УрФО,Бронхит,32
2023-10-02,УрФО,COVID-19,11
2023-10-09,ЦФО,Грипп,30
2023-10-09,ЦФО,ОРВИ,198
2023-10-09,ЦФО,Пневмония,18
2023-10-09,ЦФО,Бронхит,37
2023-10-09,ЦФО,COVID-19,7
2023-10-09,СЗФО,Грипп,30
2023-10-09,СЗФО,ОРВИ,222
2023-10-09,СЗФО,Пневмония,23
2023-10-09,СЗФО,Бронхит,40
2023-10-09,СЗФО,COVID-19,13
2023-10-09,ЮФО,Грипп,32
2023-10-09,ЮФО,ОРВИ,203
2023-10-09,ЮФО,Пневмония,17
2023-10-09,ЮФО,Бронхит,53
2023-10-09,ЮФО,COVID-19,6
2023-10-09,ПФО,Грипп,27
2023-10-09,ПФО,ОРВИ,183
2023-10-09,ПФО,Пневмония,24
2023-10-09,ПФО,Бронхит,50
2023-10-09,ПФО,COVID-19,12
2023-10-09,УрФО,Грипп,31
2023-10-09,УрФО,ОРВИ,230
2023-10-09,УрФО,Пневмония,15
2023-10-09,УрФО,Бронхит,33
2023-10-09,УрФО,COVID-19,10
2023-10-16,ЦФО,Грипп,29
2023-10-16,ЦФО,ОРВИ,193
2023-10-16,ЦФО,Пневмония,20
2023-10-16,ЦФО,Бронхит,45
2023-10-16,ЦФО,COVID-19,13
2023-10-16,СЗФО,Грипп,25
2023-10-16,СЗФО,ОРВИ,209
2023-10-16,СЗФО,Пневмония,20
2023-10-16,СЗФО,Бронхит,38
2023-10-16,СЗФО,COVID-19,7
2023-10-16,ЮФО,Грипп,25
2023-10-16,ЮФО,ОРВИ,193
2023-10-16,ЮФО,Пневмония,25
2023-10-16,ЮФО,Бронхит,28
2023-10-16,ЮФО,COVID-19,8
2023-10-16,ПФО,Грипп,26
2023-10-16,ПФО,ОРВИ,189
2023-10-16,ПФО,Пневмония,16
2023-10-16,ПФО,Бронхит,43
2023-10-16,ПФО,COVID-19,17
2023-10-16,УрФО,Грипп,30
2023-10-16,УрФО,ОРВИ,189
2023-10-16,УрФО,Пневмония,20
2023-10-16,УрФО,Бронхит,47
2023-10-16,УрФО,COVID-19,9
2023-10-23,ЦФО,Грипп,30
2023-10-23,ЦФО,ОРВИ,183
2023-10-23,ЦФО,Пневмония,20
2023-10-23,ЦФО,Бронхит,35
2023-10-23,ЦФО,COVID-19,7
2023-10-23,СЗФО,Грипп,37
2023-10-23,СЗФО,ОРВИ,185
2023-10-23,СЗФО,Пневмония,16
2023-10-23,СЗФО,Бронхит,45
2023-10-23,СЗФО,COVID-19,9
2023-10-23,ЮФО,Грипп,22
2023-10-23,ЮФО,ОРВИ,204
2023-10-23,ЮФО,Пневмония,16
2023-10-23,ЮФО,Бронхит,50
2023-10-23,ЮФО,COVID-19,12
2023-10-23,ПФО,Грипп,32
2023-10-23,ПФО,ОРВИ,204
2023-10-23,ПФО,Пневмония,20
2023-10-23,ПФО,Бронхит,39
2023-10-23,ПФО,COVID-19,6
2023-10-23,УрФО,Грипп,27
2023-10-23,УрФО,ОРВИ,207
2023-10-23,УрФО,Пневмония,23
2023-10-23,УрФО,Бронхит,34
2023-10-23,УрФО,COVID-19,9
2023-10-30,ЦФО,Грипп,29
2023-10-30,ЦФО,ОРВИ,190
2023-10-30,ЦФО,Пневмония,21
2023-10-30,ЦФО,Бронхит,37
2023-10-30,ЦФО,COVID-19,10
2023-10-30,СЗФО,Грипп,40
2023-10-30,СЗФО,ОРВИ,224
2023-10-30,СЗФО,Пневмония,31
2023-10-30,СЗФО,Бронхит,35
2023-10-30,СЗФО,COVID-19,10
2023-10-30,ЮФО,Грипп,33
2023-10-30,ЮФО,ОРВИ,205
2023-10-30,ЮФО,Пневмония,24
2023-10-30,ЮФО,Бронхит,29
2023-10-30,ЮФО,COVID-19,9
2023-10-30,ПФО,Грипп,27
2023-10-30,ПФО,ОРВИ,179
2023-10-30,ПФО,Пневмония,24
2023-10-30,ПФО,Бронхит,45
2023-10-30,ПФО,COVID-19,10
2023-10-30,УрФО,Грипп,27
2023-10-30,УрФО,ОРВИ,202
2023-10-30,УрФО,Пневмония,20
2023-10-30,УрФО,Бронхит,35
2023-10-30,УрФО,COVID-19,8
2023-11-06,ЦФО,Грипп,28
2023-11-06,ЦФО,ОРВИ,182
2023-11-06,ЦФО,Пневмония,27
2023-11-06,ЦФО,Бронхит,49
2023-11-06,ЦФО,COVID-19,14
2023-11-06,СЗФО,Грипп,31
2023-11-06,СЗФО,ОРВИ,216
2023-11-06,СЗФО,Пневмония,26
2023-11-06,СЗФО,Бронхит,31
2023-11-06,СЗФО,COVID-19,15
2023-11-06,ЮФО,Грипп,25
2023-11-06,ЮФО,ОРВИ,218
2023-11-06,ЮФО,Пневмония,25
2023-11-06,ЮФО,Бронхит,39
2023-11-06,ЮФО,COVID-19,16
2023-11-06,ПФО,Грипп,30
2023-11-06,ПФО,ОРВИ,209
2023-11-06,ПФО,Пневмония,18
2023-11-06,ПФО,Бронхит,34
2023-11-06,ПФО,COVID-19,15
2023-11-06,УрФО,Грипп,39
2023-11-06,УрФО,ОРВИ,178
2023-11-06,УрФО,Пневмония,16
2023-11-06,УрФО,Бронхит,47
2023-11-06,УрФО,COVID-19,8
2023-11-13,ЦФО,Грипп,22
2023-11-13,ЦФО,ОРВИ,207
2023-11-13,ЦФО,Пневмония,21
2023-11-13,ЦФО,Бронхит,37
2023-11-13,ЦФО,COVID-19,11
2023-11-13,СЗФО,Грипп,35
2023-11-13,СЗФО,ОРВИ,211
2023-11-13,СЗФО,Пневмония,19
2023-11-13,СЗФО,Бронхит,33
2023-11-13,СЗФО,COVID-19,17
2023-11-13,ЮФО,Грипп,38
2023-11-13,ЮФО,ОРВИ,209
2023-11-13,ЮФО,Пневмония,27
2023-11-13,ЮФО,Бронхит,42
2023-11-13,ЮФО,COVID-19,13
2023-11-13,ПФО,Грипп,37
2023-11-13,ПФО,ОРВИ,196
2023-11-13,ПФО,Пневмония,26
2023-11-13,ПФО,Бронхит,44
2023-11-13,ПФО,COVID-19,10
2023-11-13,УрФО,Грипп,37
2023-11-13,УрФО,ОРВИ,210
2023-11-13,УрФО,Пневмония,12
2023-11-13,УрФО,Бронхит,33
2023-11-13,УрФО,COVID-19,11
2023-11-20,ЦФО,Грипп,30
2023-11-20,ЦФО,ОРВИ,186
2023-11-20,ЦФО,Пневмония,21
2023-11-20,ЦФО,Бронхит,40
2023-11-20,ЦФО,COVID-19,10
2023-11-20,СЗФО,Грипп,23
2023-11-20,СЗФО,ОРВИ,231
2023-11-20,СЗФО,Пневмония,13
2023-11-20,СЗФО,Бронхит,48
2023-11-20,СЗФО,COVID-19,8
2023-11-20,ЮФО,Грипп,23
2023-11-20,ЮФО,ОРВИ,194
2023-11-20,ЮФО,Пневмония,19
2023-11-20,ЮФО,Бронхит,43
2023-11-20,ЮФО,COVID-19,6
2023-11-20,ПФО,Грипп,31
2023-11-20,ПФО,ОРВИ,163
2023-11-20,ПФО,Пневмония,14
2023-11-20,ПФО,Бронхит,37
2023-11-20,ПФО,COVID-19,10
2023-11-20,УрФО,Грипп,20
2023-11-20,УрФО,ОРВИ,226
2023-11-20,УрФО,Пневмония,17
2023-11-20,УрФО,Бронхит,33
2023-11-20,УрФО,COVID-19,7
2023-11-27,ЦФО,Грипп,40
2023-11-27,ЦФО,ОРВИ,199
2023-11-27,ЦФО,Пневмония,18
2023-11-27,ЦФО,Бронхит,30
2023-11-27,ЦФО,COVID-19,4
2023-11-27,СЗФО,Грипп,37
2023-11-27,СЗФО,ОРВИ,188
2023-11-27,СЗФО,Пневмония,17
2023-11-27,СЗФО,Бронхит,39
2023-11-27,СЗФО,COVID-19,9
2023-11-27,ЮФО,Грипп,31
2023-11-27,ЮФО,ОРВИ,203
2023-11-27,ЮФО,Пневмония,21
2023-11-27,ЮФО,Бронхит,43
2023-11-27,ЮФО,COVID-19,11
2023-11-27,ПФО,Грипп,15
2023-11-27,ПФО,ОРВИ,206
2023-11-27,ПФО,Пневмония,16
2023-11-27,ПФО,Бронхит,36
2023-11-27,ПФО,COVID-19,4
2023-11-27,УрФО,Грипп,26
2023-11-27,УрФО,ОРВИ,214
2023-11-27,УрФО,Пневмония,15
2023-11-27,УрФО,Бронхит,41
2023-11-27,УрФО,COVID-19,8
2023-12-04,ЦФО,Грипп,27
2023-12-04,ЦФО,ОРВИ,213
2023-12-04,ЦФО,Пневмония,18
2023-12-04,ЦФО,Бронхит,37
2023-12-04,ЦФО,COVID-19,10
2023-12-04,СЗФО,Грипп,31
2023-12-04,СЗФО,ОРВИ,189
2023-12-04,СЗФО,Пневмония,14
2023-12-04,СЗФО,Бронхит,39
2023-12-04,СЗФО,COVID-19,6
2023-12-04,ЮФО,Грипп,35
2023-12-04,ЮФО,ОРВИ,209
2023-12-04,ЮФО,Пневмония,14
2023-12-04,ЮФО,Бронхит,37
2023-12-04,ЮФО,COVID-19,13
2023-12-04,ПФО,Грипп,34
2023-12-04,ПФО,ОРВИ,202
2023-12-04,ПФО,Пневмония,19
2023-12-04,ПФО,Бронхит,37
2023-12-04,ПФО,COVID-19,13
2023-12-04,УрФО,Грипп,27
2023-12-04,УрФО,ОРВИ,212
2023-12-04,УрФО,Пневмония,15
2023-12-04,УрФО,Бронхит,40
2023-12-04,УрФО,COVID-19,12
2023-12-11,ЦФО,Грипп,25
2023-12-11,ЦФО,ОРВИ,171
2023-12-11,ЦФО,Пневмония,24
2023-12-11,ЦФО,Бронхит,44
2023-12-11,ЦФО,COVID-19,5
2023-12-11,СЗФО,Грипп,41
2023-12-11,СЗФО,ОРВИ,191
2023-12-11,СЗФО,Пневмония,20
2023-12-11,СЗФО,Бронхит,37
2023-12-11,СЗФО,COVID-19,8
2023-12-11,ЮФО,Грипп,29
2023-12-11,ЮФО,ОРВИ,198
2023-12-11,ЮФО,Пневмония,25
2023-12-11,ЮФО,Бронхит,55
2023-12-11,ЮФО,COVID-19,16
2023-12-11,ПФО,Грипп,27
2023-12-11,ПФО,ОРВИ,228
2023-12-11,ПФО,Пневмония,23
2023-12-11,ПФО,Бронхит,40
2023-12-11,ПФО,COVID-19,7
2023-12-11,УрФО,Грипп,27
2023-12-11,УрФО,ОРВИ,208
2023-12-11,УрФО,Пневмония,22
2023-12-11,УрФО,Бронхит,29
2023-12-11,УрФО,COVID-19,6
2023-12-18,ЦФО,Грипп,29
2023-12-18,ЦФО,ОРВИ,174
2023-12-18,ЦФО,Пневмония,25
2023-12-18,ЦФО,Бронхит,32
2023-12-18,ЦФО,COVID-19,8
2023-12-18,СЗФО,Грипп,28
2023-12-18,СЗФО,ОРВИ,210
2023-12-18,СЗФО,Пневмония,19
2023-12-18,СЗФО,Бронхит,34
2023-12-18,СЗФО,COVID-19,11
2023-12-18,ЮФО,Грипп,27
2023-12-18,ЮФО,ОРВИ,186
2023-12-18,ЮФО,Пневмония,24
2023-12-18,ЮФО,Бронхит,41
2023-12-18,ЮФО,COVID-19,7
2023-12-18,ПФО,Грипп,37
2023-12-18,ПФО,ОРВИ,214
2023-12-18,ПФО,Пневмония,16
2023-12-18,ПФО,Бронхит,33
2023-12-18,ПФО,COVID-19,14
2023-12-18,УрФО,Грипп,23
2023-12-18,УрФО,ОРВИ,217
2023-12-18,УрФО,Пневмония,23
2023-12-18,УрФО,Бронхит,29
2023-12-18,УрФО,COVID-19,15
2023-12-25,ЦФО,Грипп,41
2023-12-25,ЦФО,ОРВИ,178
2023-12-25,ЦФО,Пневмония,23
2023-12-25,ЦФО,Бронхит,45
2023-12-25,ЦФО,COVID-19,16
2023-12-25,СЗФО,Грипп,33
2023-12-25,СЗФО,ОРВИ,212
2023-12-25,СЗФО,Пневмония,20
2023-12-25,СЗФО,Бронхит,42
2023-12-25,СЗФО,COVID-19,12
2023-12-25,ЮФО,Грипп,37
2023-12-25,ЮФО,ОРВИ,205
2023-12-25,ЮФО,Пневмония,14
2023-12-25,ЮФО,Бронхит,41
2023-12-25,ЮФО,COVID-19,8
2023-12-25,ПФО,Грипп,22
2023-12-25,ПФО,ОРВИ,186
2023-12-25,ПФО,Пневмония,20
2023-12-25,ПФО,Бронхит,48
2023-12-25,ПФО,COVID-19,10
2023-12-25,УрФО,Грипп,38
2023-12-25,УрФО,ОРВИ,213
2023-12-25,УрФО,Пневмония,18
2023-12-25,УрФО,Бронхит,39
2023-12-25,УрФО,COVID-19,15
2024-01-01,ЦФО,Грипп,34
2024-01-01,ЦФО,ОРВИ,193
2024-01-01,ЦФО,Пневмония,18
2024-01-01,ЦФО,Бронхит,45
2024-01-01,ЦФО,COVID-19,13
2024-01-01,СЗФО,Грипп,28
2024-01-01,СЗФО,ОРВИ,206
2024-01-01,СЗФО,Пневмония,24
2024-01-01,СЗФО,Бронхит,36
2024-01-01,СЗФО,COVID-19,9
2024-01-01,ЮФО,Грипп,27
2024-01-01,ЮФО,ОРВИ,203
2024-01-01,ЮФО,Пневмония,22
2024-01-01,ЮФО,Бронхит,37
2024-01-01,ЮФО,COVID-19,10
2024-01-01,ПФО,Грипп,23
2024-01-01,ПФО,ОРВИ,175
2024-01-01,ПФО,Пневмония,22
2024-01-01,ПФО,Бронхит,42
2024-01-01,ПФО,COVID-19,13
2024-01-01,УрФО,Грипп,31
2024-01-01,УрФО,ОРВИ,198
2024-01-01,УрФО,Пневмония,19
2024-01-01,УрФО,Бронхит,39
2024-01-01,УрФО,COVID-19,8
2024-01-08,ЦФО,Грипп,25
2024-01-08,ЦФО,ОРВИ,214
2024-01-08,ЦФО,Пневмония,11
2024-01-08,ЦФО,Бронхит,41
2024-01-08,ЦФО,COVID-19,11
2024-01-08,СЗФО,Грипп,27
2024-01-08,СЗФО,ОРВИ,206
2024-01-08,СЗФО,Пневмония,19
2024-01-08,СЗФО,Бронхит,46
2024-01-08,СЗФО,COVID-19,10
2024-01-08,ЮФО,Грипп,37
2024-01-08,ЮФО,ОРВИ,208
2024-01-08,ЮФО,Пневмония,18
2024-01-08,ЮФО,Бронхит,46
2024-01-08,ЮФО,COVID-19,9
2024-01-08,ПФО,Грипп,32
2024-01-08,ПФО,ОРВИ,188
2024-01-08,ПФО,Пневмония,24
2024-01-08,ПФО,Бронхит,34
2024-01-08,ПФО,COVID-19,11
2024-01-08,УрФО,Грипп,34
2024-01-08,УрФО,ОРВИ,214
2024-01-08,УрФО,Пневмония,16
2024-01-08,УрФО,Бронхит,45
2024-01-08,УрФО,COVID-19,13
2024-01-15,ЦФО,Грипп,25
2024-01-15,ЦФО,ОРВИ,207
2024-01-15,ЦФО,Пневмония,13
2024-01-15,ЦФО,Бронхит,37
2024-01-15,ЦФО,COVID-19,9
2024-01-15,СЗФО,Грипп,23
2024-01-15,СЗФО,ОРВИ,167
2024-01-15,СЗФО,Пневмония,18
2024-01-15,СЗФО,Бронхит,37
2024-01-15,СЗФО,COVID-19,7
2024-01-15,ЮФО,Грипп,29
2024-01-15,ЮФО,ОРВИ,184
2024-01-15,ЮФО,Пневмония,25
2024-01-15,ЮФО,Бронхит,46
2024-01-15,ЮФО,COVID-19,8
2024-01-15,ПФО,Грипп,30
2024-01-15,ПФО,ОРВИ,234
2024-01-15,ПФО,Пневмония,17
2024-01-15,ПФО,Бронхит,31
2024-01-15,ПФО,COVID-19,11
2024-01-15,УрФО,Грипп,30
2024-01-15,УрФО,ОРВИ,207
2024-01-15,УрФО,Пневмония,26
2024-01-15,УрФО,Бронхит,42
2024-01-15,УрФО,COVID-19,11
2024-01-22,ЦФО,Грипп,28
2024-01-22,ЦФО,ОРВИ,193
2024-01-22,ЦФО,Пневмония,25
2024-01-22,ЦФО,Бронхит,37
2024-01-22,ЦФО,COVID-19,13
2024-01-22,СЗФО,Грипп,27
2024-01-22,СЗФО,ОРВИ,213
2024-01-22,СЗФО,Пневмония,20
2024-01-22,СЗФО,Бронхит,51
2024-01-22,СЗФО,COVID-19,8
2024-01-22,ЮФО,Грипп,30
2024-01-22,ЮФО,ОРВИ,225
2024-01-22,ЮФО,Пневмония,27
2024-01-22,ЮФО,Бронхит,28
2024-01-22,ЮФО,COVID-19,8
2024-01-22,ПФО,Грипп,20
2024-01-22,ПФО,ОРВИ,195
2024-01-22,ПФО,Пневмония,22
2024-01-22,ПФО,Бронхит,46
2024-01-22,ПФО,COVID-19,9
2024-01-22,УрФО,Грипп,40
2024-01-22,УрФО,ОРВИ,197
2024-01-22,УрФО,Пневмония,24
2024-01-22,УрФО,Бронхит,38
2024-01-22,УрФО,COVID-19,9
2024-01-29,ЦФО,Грипп,29
2024-01-29,ЦФО,ОРВИ,203
2024-01-29,ЦФО,Пневмония,28
2024-01-29,ЦФО,Бронхит,40
2024-01-29,ЦФО,COVID-19,8
2024-01-29,СЗФО,Грипп,23
2024-01-29,СЗФО,ОРВИ,218
2024-01-29,СЗФО,Пневмония,20
2024-01-29,СЗФО,Бронхит,36
2024-01-29,СЗФО,COVID-19,7
2024-01-29,ЮФО,Грипп,31
2024-01-29,ЮФО,ОРВИ,194
2024-01-29,ЮФО,Пневмония,27
2024-01-29,ЮФО,Бронхит,41
2024-01-29,ЮФО,COVID-19,7
2024-01-29,ПФО,Грипп,33
2024-01-29,ПФО,ОРВИ,195
2024-01-29,ПФО,Пневмония,19
2024-01-29,ПФО,Бронхит,31
2024-01-29,ПФО,COVID-19,12
2024-01-29,УрФО,Грипп,28
2024-01-29,УрФО,ОРВИ,211
2024-01-29,УрФО,Пневмония,18
2024-01-29,УрФО,Бронхит,44
2024-01-29,УрФО,COVID-19,10
2024-02-05,ЦФО,Грипп,28
2024-02-05,ЦФО,ОРВИ,192
2024-02-05,ЦФО,Пневмония,24
2024-02-05,ЦФО,Бронхит,43
2024-02-05,ЦФО,COVID-19,13
2024-02-05,СЗФО,Грипп,31
2024-02-05,СЗФО,ОРВИ,201
2024-02-05,СЗФО,Пневмония,14
2024-02-05,СЗФО,Бронхит,40
2024-02-05,СЗФО,COVID-19,8
2024-02-05,ЮФО,Грипп,32
2024-02-05,ЮФО,ОРВИ,215
2024-02-05,ЮФО,Пневмония,21
2024-02-05,ЮФО,Бронхит,30
2024-02-05,ЮФО,COVID-19,13
2024-02-05,ПФО,Грипп,27
2024-02-05,ПФО,ОРВИ,186
2024-02-05,ПФО,Пневмония,24
2024-02-05,ПФО,Бронхит,34
2024-02-05,ПФО,COVID-19,15
2024-02-05,УрФО,Грипп,30
2024-02-05,УрФО,ОРВИ,190
2024-02-05,УрФО,Пневмония,12
2024-02-05,УрФО,Бронхит,40
2024-02-05,УрФО,COVID-19,8
2024-02-12,ЦФО,Грипп,40
2024-02-12,ЦФО,ОРВИ,215
2024-02-12,ЦФО,Пневмония,23
2024-02-12,ЦФО,Бронхит,45
2024-02-12,ЦФО,COVID-19,6
2024-02-12,СЗФО,Грипп,34
2024-02-12,СЗФО,ОРВИ,214
2024-02-12,СЗФО,Пневмония,24
2024-02-12,СЗФО,Бронхит,45
2024-02-12,СЗФО,COVID-19,8
2024-02-12,ЮФО,Грипп,35
2024-02-12,ЮФО,ОРВИ,237
2024-02-12,ЮФО,Пневмония,22
2024-02-12,ЮФО,Бронхит,41
2024-02-12,ЮФО,COVID-19,7
2024-02-12,ПФО,Грипп,24
2024-02-12,ПФО,ОРВИ,202
2024-02-12,ПФО,Пневмония,16
2024-02-12,ПФО,Бронхит,44
2024-02-12,ПФО,COVID-19,8
2024-02-12,УрФО,Грипп,34
2024-02-12,УрФО,ОРВИ,193
2024-02-12,УрФО,Пневмония,23
2024-02-12,УрФО,Бронхит,39
2024-02-12,УрФО,COVID-19,10
2024-02-19,ЦФО,Грипп,28
2024-02-19,ЦФО,ОРВИ,190
2024-02-19,ЦФО,Пневмония,21
2024-02-19,ЦФО,Бронхит,47
2024-02-19,ЦФО,COVID-19,11
2024-02-19,СЗФО,Грипп,33
2024-02-19,СЗФО,ОРВИ,181
2024-02-19,СЗФО,Пневмония,25
2024-02-19,СЗФО,Бронхит,43
2024-02-19,СЗФО,COVID-19,7
2024-02-19,ЮФО,Грипп,22
2024-02-19,ЮФО,ОРВИ,225
2024-02-19,ЮФО,Пневмония,25
2024-02-19,ЮФО,Бронхит,44
2024-02-19,ЮФО,COVID-19,15
2024-02-19,ПФО,Грипп,34
2024-02-19,ПФО,ОРВИ,212
2024-02-19,ПФО,Пневмония,10
2024-02-19,ПФО,Бронхит,34
2024-02-19,ПФО,COVID-19,15
2024-02-19,УрФО,Грипп,28
2024-02-19,УрФО,ОРВИ,225
2024-02-19,УрФО,Пневмония,21
2024-02-19,УрФО,Бронхит,46
2024-02-19,УрФО,COVID-19,11
2024-02-26,ЦФО,Грипп,25
2024-02-26,ЦФО,ОРВИ,190
2024-02-26,ЦФО,Пневмония,19
2024-02-26,ЦФО,Бронхит,37
2024-02-26,ЦФО,COVID-19,4
2024-02-26,СЗФО,Грипп,40
2024-02-26,СЗФО,ОРВИ,208
2024-02-26,СЗФО,Пневмония,20
2024-02-26,СЗФО,Бронхит,28
2024-02-26,СЗФО,COVID-19,10
2024-02-26,ЮФО,Грипп,39
2024-02-26,ЮФО,ОРВИ,190
2024-02-26,ЮФО,Пневмония,25
2024-02-26,ЮФО,Бронхит,30
2024-02-26,ЮФО,COVID-19,5
2024-02-26,ПФО,Грипп,33
2024-02-26,ПФО,ОРВИ,182
2024-02-26,ПФО,Пневмония,21
2024-02-26,ПФО,Бронхит,38
2024-02-26,ПФО,COVID-19,8
2024-02-26,УрФО,Грипп,33
2024-02-26,УрФО,ОРВИ,207
2024-02-26,УрФО,Пневмония,17
2024-02-26,УрФО,Бронхит,42
2024-02-26,УрФО,COVID-19,7
2024-03-04,ЦФО,Грипп,26
2024-03-04,ЦФО,ОРВИ,224
2024-03-04,ЦФО,Пневмония,24
2024-03-04,ЦФО,Бронхит,39
2024-03-04,ЦФО,COVID-19,11
2024-03-04,СЗФО,Грипп,23
2024-03-04,СЗФО,ОРВИ,210
2024-03-04,СЗФО,Пневмония,20
2024-03-04,СЗФО,Бронхит,42
2024-03-04,СЗФО,COVID-19,11
2024-03-04,ЮФО,Грипп,30
2024-03-04,ЮФО,ОРВИ,176
2024-03-04,ЮФО,Пневмония,23
2024-03-04,ЮФО,Бронхит,35
2024-03-04,ЮФО,COVID-19,11
2024-03-04,ПФО,Грипп,36
2024-03-04,ПФО,ОРВИ,213
2024-03-04,ПФО,Пневмония,21
2024-03-04,ПФО,Бронхит,49
2024-03-04,ПФО,COVID-19,10
2024-03-04,УрФО,Грипп,23
2024-03-04,УрФО,ОРВИ,188
2024-03-04,УрФО,Пневмония,15
2024-03-04,УрФО,Бронхит,43
2024-03-04,УрФО,COVID-19,6
2024-03-11,ЦФО,Грипп,30
2024-03-11,ЦФО,ОРВИ,196
2024-03-11,ЦФО,Пневмония,18
2024-03-11,ЦФО,Бронхит,45
2024-03-11,ЦФО,COVID-19,12
2024-03-11,СЗФО,Грипп,25
2024-03-11,СЗФО,ОРВИ,189
2024-03-11,СЗФО,Пневмония,24
2024-03-11,СЗФО,Бронхит,36
2024-03-11,СЗФО,COVID-19,5
2024-03-11,ЮФО,Грипп,31
2024-03-11,ЮФО,ОРВИ,201
2024-03-11,ЮФО,Пневмония,18
2024-03-11,ЮФО,Бронхит,37
2024-03-11,ЮФО,COVID-19,10
2024-03-11,ПФО,Грипп,35
2024-03-11,ПФО,ОРВИ,217
2024-03-11,ПФО,Пневмония,15
2024-03-11,ПФО,Бронхит,46
2024-03-11,ПФО,COVID-19,7
2024-03-11,УрФО,Грипп,35
2024-03-11,УрФО,ОРВИ,196
2024-03-11,УрФО,Пневмония,16
2024-03-11,УрФО,Бронхит,36
2024-03-11,УрФО,COVID-19,7
2024-03-18,ЦФО,Грипп,21
2024-03-18,ЦФО,ОРВИ,210
2024-03-18,ЦФО,Пневмония,22
2024-03-18,ЦФО,Бронхит,46
2024-03-18,ЦФО,COVID-19,6
2024-03-18,СЗФО,Грипп,35
2024-03-18,СЗФО,ОРВИ,171
2024-03-18,СЗФО,Пневмония,24
2024-03-18,СЗФО,Бронхит,39
2024-03-18,СЗФО,COVID-19,7
2024-03-18,ЮФО,Грипп,27
2024-03-18,ЮФО,ОРВИ,185
2024-03-18,ЮФО,Пневмония,22
2024-03-18,ЮФО,Бронхит,37
2024-03-18,ЮФО,COVID-19,11
2024-03-18,ПФО,Грипп,23
2024-03-18,ПФО,ОРВИ,203
2024-03-18,ПФО,Пневмония,23
2024-03-18,ПФО,Бронхит,43
2024-03-18,ПФО,COVID-19,10
2024-03-18,УрФО,Грипп,34
2024-03-18,УрФО,ОРВИ,179
2024-03-18,УрФО,Пневмония,21
2024-03-18,УрФО,Бронхит,45
2024-03-18,УрФО,COVID-19,8
2024-03-25,ЦФО,Грипп,33
2024-03-25,ЦФО,ОРВИ,210
2024-03-25,ЦФО,Пневмония,17
2024-03-25,ЦФО,Бронхит,30
2024-03-25,ЦФО,COVID-19,11
2024-03-25,СЗФО,Грипп,26
2024-03-25,СЗФО,ОРВИ,211
2024-03-25,СЗФО,Пневмония,18
2024-03-25,СЗФО,Бронхит,32
2024-03-25,СЗФО,COVID-19,10
2024-03-25,ЮФО,Грипп,34
2024-03-25,ЮФО,ОРВИ,196
2024-03-25,ЮФО,Пневмония,21
2024-03-25,ЮФО,Бронхит,52
2024-03-25,ЮФО,COVID-19,7
2024-03-25,ПФО,Грипп,35
2024-03-25,ПФО,ОРВИ,206
2024-03-25,ПФО,Пневмония,21
2024-03-25,ПФО,Бронхит,52
2024-03-25,ПФО,COVID-19,12
2024-03-25,УрФО,Грипп,26
2024-03-25,УрФО,ОРВИ,196
2024-03-25,УрФО,Пневмония,26
2024-03-25,УрФО,Бронхит,38
2024-03-25,УрФО,COVID-19,8
2024-04-01,ЦФО,Грипп,21
2024-04-01,ЦФО,ОРВИ,219
2024-04-01,ЦФО,Пневмония,29
2024-04-01,ЦФО,Бронхит,51
2024-04-01,ЦФО,COVID-19,12
2024-04-01,СЗФО,Грипп,40
2024-04-01,СЗФО,ОРВИ,193
2024-04-01,СЗФО,Пневмония,19
2024-04-01,СЗФО,Бронхит,47
2024-04-01,СЗФО,COVID-19,11
2024-04-01,ЮФО,Грипп,30
2024-04-01,ЮФО,ОРВИ,189
2024-04-01,ЮФО,Пневмония,16
2024-04-01,ЮФО,Бронхит,38
2024-04-01,ЮФО,COVID-19,13
2024-04-01,ПФО,Грипп,26
2024-04-01,ПФО,ОРВИ,210
2024-04-01,ПФО,Пневмония,25
2024-04-01,ПФО,Бронхит,36
2024-04-01,ПФО,COVID-19,6
2024-04-01,УрФО,Грипп,26
2024-04-01,УрФО,ОРВИ,202
2024-04-01,УрФО,Пневмония,15
2024-04-01,УрФО,Бронхит,30
2024-04-01,УрФО,COVID-19,11
2024-04-08,ЦФО,Грипп,37
2024-04-08,ЦФО,ОРВИ,182
2024-04-08,ЦФО,Пневмония,22
2024-04-08,ЦФО,Бронхит,30
2024-04-08,ЦФО,COVID-19,7
2024-04-08,СЗФО,Грипп,33
2024-04-08,СЗФО,ОРВИ,213
2024-04-08,СЗФО,Пневмония,29
2024-04-08,СЗФО,Бронхит,40
2024-04-08,СЗФО,COVID-19,6
2024-04-08,ЮФО,Грипп,27
2024-04-08,ЮФО,ОРВИ,207
2024-04-08,ЮФО,Пневмония,10
2024-04-08,ЮФО,Бронхит,35
2024-04-08,ЮФО,COVID-19,2
2024-04-08,ПФО,Грипп,32
2024-04-08,ПФО,ОРВИ,195
2024-04-08,ПФО,Пневмония,18
2024-04-08,ПФО,Бронхит,42
2024-04-08,ПФО,COVID-19,8
2024-04-08,УрФО,Грипп,28
2024-04-08,УрФО,ОРВИ,234
2024-04-08,УрФО,Пневмония,15
2024-04-08,УрФО,Бронхит,38
2024-04-08,УрФО,COVID-19,8
2024-04-15,ЦФО,Грипп,30
2024-04-15,ЦФО,ОРВИ,205
2024-04-15,ЦФО,Пневмония,22
2024-04-15,ЦФО,Бронхит,30
2024-04-15,ЦФО,COVID-19,10
2024-04-15,СЗФО,Грипп,32
2024-04-15,СЗФО,ОРВИ,179
2024-04-15,СЗФО,Пневмония,16
2024-04-15,СЗФО,Бронхит,47
2024-04-15,СЗФО,COVID-19,8
2024-04-15,ЮФО,Грипп,34
2024-04-15,ЮФО,ОРВИ,192
2024-04-15,ЮФО,Пневмония,11
2024-04-15,ЮФО,Бронхит,35
2024-04-15,ЮФО,COVID-19,5
2024-04-15,ПФО,Грипп,38
2024-04-15,ПФО,ОРВИ,198
2024-04-15,ПФО,Пневмония,15
2024-04-15,ПФО,Бронхит,34
2024-04-15,ПФО,COVID-19,15
2024-04-15,УрФО,Грипп,29
2024-04-15,УрФО,ОРВИ,211
2024-04-15,УрФО,Пневмония,19
2024-04-15,УрФО,Бронхит,43
2024-04-15,УрФО,COVID-19,4
2024-04-22,ЦФО,Грипп,34
2024-04-22,ЦФО,ОРВИ,193
2024-04-22,ЦФО,Пневмония,19
2024-04-22,ЦФО,Бронхит,34
2024-04-22,ЦФО,COVID-19,12
2024-04-22,СЗФО,Грипп,41
2024-04-22,СЗФО,ОРВИ,196
2024-04-22,СЗФО,Пневмония,17
2024-04-22,СЗФО,Бронхит,43
2024-04-22,СЗФО,COVID-19,12
2024-04-22,ЮФО,Грипп,28
2024-04-22,ЮФО,ОРВИ,202
2024-04-22,ЮФО,Пневмония,16
2024-04-22,ЮФО,Бронхит,57
2024-04-22,ЮФО,COVID-19,9
2024-04-22,ПФО,Грипп,24
2024-04-22,ПФО,ОРВИ,207
2024-04-22,ПФО,Пневмония,15
2024-04-22,ПФО,Бронхит,47
2024-04-22,ПФО,COVID-19,10
2024-04-22,УрФО,Грипп,39
2024-04-22,УрФО,ОРВИ,194
2024-04-22,УрФО,Пневмония,18
2024-04-22,УрФО,Бронхит,37
2024-04-22,УрФО,COVID-19,10
2024-04-29,ЦФО,Грипп,33
2024-04-29,ЦФО,ОРВИ,213
2024-04-29,ЦФО,Пневмония,27
2024-04-29,ЦФО,Бронхит,38
2024-04-29,ЦФО,COVID-19,12
2024-04-29,СЗФО,Грипп,37
2024-04-29,СЗФО,ОРВИ,219
2024-04-29,СЗФО,Пневмония,19
2024-04-29,СЗФО,Бронхит,27
2024-04-29,СЗФО,COVID-19,10
2024-04-29,ЮФО,Грипп,31
2024-04-29,ЮФО,ОРВИ,207
2024-04-29,ЮФО,Пневмония,16
2024-04-29,ЮФО,Бронхит,35
2024-04-29,ЮФО,COVID-19,9
2024-04-29,ПФО,Грипп,38
2024-04-29,ПФО,ОРВИ,205
2024-04-29,ПФО,Пневмония,11
2024-04-29,ПФО,Бронхит,37
2024-04-29,ПФО,COVID-19,13
2024-04-29,УрФО,Грипп,30
2024-04-29,УрФО,ОРВИ,205
2024-04-29,УрФО,Пневмония,16
2024-04-29,УрФО,Бронхит,48
2024-04-29,УрФО,COVID-19,14
2024-05-06,ЦФО,Грипп,16
2024-05-06,ЦФО,ОРВИ,199
2024-05-06,ЦФО,Пневмония,13
2024-05-06,ЦФО,Бронхит,40
2024-05-06,ЦФО,COVID-19,10
2024-05-06,СЗФО,Грипп,24
2024-05-06,СЗФО,ОРВИ,211
2024-05-06,СЗФО,Пневмония,11
2024-05-06,СЗФО,Бронхит,26
2024-05-06,СЗФО,COVID-19,13
2024-05-06,ЮФО,Грипп,38
2024-05-06,ЮФО,ОРВИ,202
2024-05-06,ЮФО,Пневмония,13
2024-05-06,ЮФО,Бронхит,44
2024-05-06,ЮФО,COVID-19,14
2024-05-06,ПФО,Грипп,28
2024-05-06,ПФО,ОРВИ,183
2024-05-06,ПФО,Пневмония,24
2024-05-06,ПФО,Бронхит,51
2024-05-06,ПФО,COVID-19,7
2024-05-06,УрФО,Грипп,33
2024-05-06,УрФО,ОРВИ,188
2024-05-06,УрФО,Пневмония,19
2024-05-06,УрФО,Бронхит,38
2024-05-06,УрФО,COVID-19,11
2024-05-13,ЦФО,Грипп,31
2024-05-13,ЦФО,ОРВИ,217
2024-05-13,ЦФО,Пневмония,13
2024-05-13,ЦФО,Бронхит,45
2024-05-13,ЦФО,COVID-19,8
2024-05-13,СЗФО,Грипп,32
2024-05-13,СЗФО,ОРВИ,218
2024-05-13,СЗФО,Пневмония,20
2024-05-13,СЗФО,Бронхит,31
2024-05-13,СЗФО,COVID-19,8
2024-05-13,ЮФО,Грипп,29
2024-05-13,ЮФО,ОРВИ,190
2024-05-13,ЮФО,Пневмония,25
2024-05-13,ЮФО,Бронхит,34
2024-05-13,ЮФО,COVID-19,3
2024-05-13,ПФО,Грипп,36
2024-05-13,ПФО,ОРВИ,201
2024-05-13,ПФО,Пневмония,20
2024-05-13,ПФО,Бронхит,34
2024-05-13,ПФО,COVID-19,8
2024-05-13,УрФО,Грипп,39
2024-05-13,УрФО,ОРВИ,194
2024-05-13,УрФО,Пневмония,21
2024-05-13,УрФО,Бронхит,46
2024-05-13,УрФО,COVID-19,9
2024-05-20,ЦФО,Грипп,25
2024-05-20,ЦФО,ОРВИ,198
2024-05-20,ЦФО,Пневмония,18
2024-05-20,ЦФО,Бронхит,47
2024-05-20,ЦФО,COVID-19,18
2024-05-20,СЗФО,Грипп,35
2024-05-20,СЗФО,ОРВИ,198
2024-05-20,СЗФО,Пневмония,18
2024-05-20,СЗФО,Бронхит,37
2024-05-20,СЗФО,COVID-19,8
2024-05-20,ЮФО,Грипп,33
2024-05-20,ЮФО,ОРВИ,199
2024-05-20,ЮФО,Пневмония,27
2024-05-20,ЮФО,Бронхит,37
2024-05-20,ЮФО,COVID-19,13
2024-05-20,ПФО,Грипп,24
2024-05-20,ПФО,ОРВИ,209
2024-05-20,ПФО,Пневмония,25
2024-05-20,ПФО,Бронхит,27
2024-05-20,ПФО,COVID-19,16
2024-05-20,УрФО,Грипп,26
2024-05-20,УрФО,ОРВИ,215
2024-05-20,УрФО,Пневмония,19
2024-05-20,УрФО,Бронхит,52
2024-05-20,УрФО,COVID-19,13
2024-05-27,ЦФО,Грипп,32
2024-05-27,ЦФО,ОРВИ,188
2024-05-27,ЦФО,Пневмония,17
2024-05-27,ЦФО,Бронхит,38
2024-05-27,ЦФО,COVID-19,13
2024-05-27,СЗФО,Грипп,29
2024-05-27,СЗФО,ОРВИ,169
2024-05-27,СЗФО,Пневмония,17
2024-05-27,СЗФО,Бронхит,46
2024-05-27,СЗФО,COVID-19,8
2024-05-27,ЮФО,Грипп,19
2024-05-27,ЮФО,ОРВИ,192
2024-05-27,ЮФО,Пневмония,18
2024-05-27,ЮФО,Бронхит,46
2024-05-27,ЮФО,COVID-19,12
2024-05-27,ПФО,Грипп,28
2024-05-27,ПФО,ОРВИ,195
2024-05-27,ПФО,Пневмония,14
2024-05-27,ПФО,Бронхит,32
2024-05-27,ПФО,COVID-19,10
2024-05-27,УрФО,Грипп,26
2024-05-27,УрФО,ОРВИ,182
2024-05-27,УрФО,Пневмония,26
2024-05-27,УрФО,Бронхит,38
2024-05-27,УрФО,COVID-19,13
2024-06-03,ЦФО,Грипп,29
2024-06-03,ЦФО,ОРВИ,196
2024-06-03,ЦФО,Пневмония,25
2024-06-03,ЦФО,Бронхит,32
2024-06-03,ЦФО,COVID-19,11
2024-06-03,СЗФО,Грипп,37
2024-06-03,СЗФО,ОРВИ,204
2024-06-03,СЗФО,Пневмония,8
2024-06-03,СЗФО,Бронхит,46
2024-06-03,СЗФО,COVID-19,11
2024-06-03,ЮФО,Грипп,28
2024-06-03,ЮФО,ОРВИ,213
2024-06-03,ЮФО,Пневмония,14
2024-06-03,ЮФО,Бронхит,32
2024-06-03,ЮФО,COVID-19,7
2024-06-03,ПФО,Грипп,25
2024-06-03,ПФО,ОРВИ,215
2024-06-03,ПФО,Пневмония,23
2024-06-03,ПФО,Бронхит,37
2024-06-03,ПФО,COVID-19,16
2024-06-03,УрФО,Грипп,28
2024-06-03,УрФО,ОРВИ,195
2024-06-03,УрФО,Пневмония,18
2024-06-03,УрФО,Бронхит,45
2024-06-03,УрФО,COVID-19,12
2024-06-10,ЦФО,Грипп,37
2024-06-10,ЦФО,ОРВИ,181
2024-06-10,ЦФО,Пневмония,15
2024-06-10,ЦФО,Бронхит,30
2024-06-10,ЦФО,COVID-19,10
2024-06-10,СЗФО,Грипп,33
2024-06-10,СЗФО,ОРВИ,203
2024-06-10,СЗФО,Пневмония,23
2024-06-10,СЗФО,Бронхит,29
2024-06-10,СЗФО,COVID-19,7
2024-06-10,ЮФО,Грипп,31
2024-06-10,ЮФО,ОРВИ,191
2024-06-10,ЮФО,Пневмония,18
2024-06-10,ЮФО,Бронхит,43
2024-06-10,ЮФО,COVID-19,7
2024-06-10,ПФО,Грипп,31
2024-06-10,ПФО,ОРВИ,178
2024-06-10,ПФО,Пневмония,20
2024-06-10,ПФО,Бронхит,55
2024-06-10,ПФО,COVID-19,12
2024-06-10,УрФО,Грипп,31
2024-06-10,УрФО,ОРВИ,170
2024-06-10,УрФО,Пневмония,19
2024-06-10,УрФО,Бронхит,34
2024-06-10,УрФО,COVID-19,12
2024-06-17,ЦФО,Грипп,26
2024-06-17,ЦФО,ОРВИ,195
2024-06-17,ЦФО,Пневмония,18
2024-06-17,ЦФО,Бронхит,49
2024-06-17,ЦФО,COVID-19,6
2024-06-17,СЗФО,Грипп,37
2024-06-17,СЗФО,ОРВИ,207
2024-06-17,СЗФО,Пневмония,23
2024-06-17,СЗФО,Бронхит,48
2024-06-17,СЗФО,COVID-19,11
2024-06-17,ЮФО,Грипп,23
2024-06-17,ЮФО,ОРВИ,211
2024-06-17,ЮФО,Пневмония,18
2024-06-17,ЮФО,Бронхит,34
2024-06-17,ЮФО,COVID-19,6
2024-06-17,ПФО,Грипп,31
2024-06-17,ПФО,ОРВИ,191
2024-06-17,ПФО,Пневмония,20
2024-06-17,ПФО,Бронхит,40
2024-06-17,ПФО,COVID-19,12
2024-06-17,УрФО,Грипп,30
2024-06-17,УрФО,ОРВИ,190
2024-06-17,УрФО,Пневмония,18
2024-06-17,УрФО,Бронхит,41
2024-06-17,УрФО,COVID-19,8
2024-06-24,ЦФО,Грипп,32
2024-06-24,ЦФО,ОРВИ,208
2024-06-24,ЦФО,Пневмония,18
2024-06-24,ЦФО,Бронхит,36
2024-06-24,ЦФО,COVID-19,8
2024-06-24,СЗФО,Грипп,37
2024-06-24,СЗФО,ОРВИ,192
2024-06-24,СЗФО,Пневмония,21
2024-06-24,СЗФО,Бронхит,44
2024-06-24,СЗФО,COVID-19,5
2024-06-24,ЮФО,Грипп,26
2024-06-24,ЮФО,ОРВИ,202
2024-06-24,ЮФО,Пневмония,20
2024-06-24,ЮФО,Бронхит,35
2024-06-24,ЮФО,COVID-19,9
2024-06-24,ПФО,Грипп,23
2024-06-24,ПФО,ОРВИ,223
2024-06-24,ПФО,Пневмония,21
2024-06-24,ПФО,Бронхит,31
2024-06-24,ПФО,COVID-19,8
2024-06-24,УрФО,Грипп,32
2024-06-24,УрФО,ОРВИ,203
2024-06-24,УрФО,Пневмония,17
2024-06-24,УрФО,Бронхит,34
2024-06-24,УрФО,COVID-19,10
2024-07-01,ЦФО,Грипп,26
2024-07-01,ЦФО,ОРВИ,204
2024-07-01,ЦФО,Пневмония,22
2024-07-01,ЦФО,Бронхит,40
2024-07-01,ЦФО,COVID-19,9
2024-07-01,СЗФО,Грипп,24
2024-07-01,СЗФО,ОРВИ,181
2024-07-01,СЗФО,Пневмония,16
2024-07-01,СЗФО,Бронхит,30
2024-07-01,СЗФО,COVID-19,14
2024-07-01,ЮФО,Грипп,35
2024-07-01,ЮФО,ОРВИ,192
2024-07-01,ЮФО,Пневмония,26
2024-07-01,ЮФО,Бронхит,40
2024-07-01,ЮФО,COVID-19,10
2024-07-01,ПФО,Грипп,26
2024-07-01,ПФО,ОРВИ,195
2024-07-01,ПФО,Пневмония,20
2024-07-01,ПФО,Бронхит,36
2024-07-01,ПФО,COVID-19,8
2024-07-01,УрФО,Грипп,30
2024-07-01,УрФО,ОРВИ,174
2024-07-01,УрФО,Пневмония,19
2024-07-01,УрФО,Бронхит,36
2024-07-01,УрФО,COVID-19,13
2024-07-08,ЦФО,Грипп,27
2024-07-08,ЦФО,ОРВИ,178
2024-07-08,ЦФО,Пневмония,21
2024-07-08,ЦФО,Бронхит,43
2024-07-08,ЦФО,COVID-19,17
2024-07-08,СЗФО,Грипп,28
2024-07-08,СЗФО,ОРВИ,183
2024-07-08,СЗФО,Пневмония,13
2024-07-08,СЗФО,Бронхит,39
2024-07-08,СЗФО,COVID-19,8
2024-07-08,ЮФО,Грипп,34
2024-07-08,ЮФО,ОРВИ,197
2024-07-08,ЮФО,Пневмония,27
2024-07-08,ЮФО,Бронхит,32
2024-07-08,ЮФО,COVID-19,13
2024-07-08,ПФО,Грипп,35
2024-07-08,ПФО,ОРВИ,195
2024-07-08,ПФО,Пневмония,21
2024-07-08,ПФО,Бронхит,38
2024-07-08,ПФО,COVID-19,13
2024-07-08,УрФО,Грипп,24
2024-07-08,УрФО,ОРВИ,206
2024-07-08,УрФО,Пневмония,18
2024-07-08,УрФО,Бронхит,39
2024-07-08,УрФО,COVID-19,9
2024-07-15,ЦФО,Грипп,29
2024-07-15,ЦФО,ОРВИ,202
2024-07-15,ЦФО,Пневмония,23
2024-07-15,ЦФО,Бронхит,43
2024-07-15,ЦФО,COVID-19,10
2024-07-15,СЗФО,Грипп,32
2024-07-15,СЗФО,ОРВИ,208
2024-07-15,СЗФО,Пневмония,16
2024-07-15,СЗФО,Бронхит,36
2024-07-15,СЗФО,COVID-19,10
2024-07-15,ЮФО,Грипп,35
2024-07-15,ЮФО,ОРВИ,197
2024-07-15,ЮФО,Пневмония,12
2024-07-15,ЮФО,Бронхит,37
2024-07-15,ЮФО,COVID-19,10
2024-07-15,ПФО,Грипп,31
2024-07-15,ПФО,ОРВИ,205
2024-07-15,ПФО,Пневмония,14
2024-07-15,ПФО,Бронхит,34
2024-07-15,ПФО,COVID-19,13
2024-07-15,УрФО,Грипп,31
2024-07-15,УрФО,ОРВИ,197
2024-07-15,УрФО,Пневмония,21
2024-07-15,УрФО,Бронхит,37
2024-07-15,УрФО,COVID-19,5
2024-07-22,ЦФО,Грипп,29
2024-07-22,ЦФО,ОРВИ,228
2024-07-22,ЦФО,Пневмония,15
2024-07-22,ЦФО,Бронхит,38
2024-07-22,ЦФО,COVID-19,6
2024-07-22,СЗФО,Грипп,34
2024-07-22,СЗФО,ОРВИ,194
2024-07-22,СЗФО,Пневмония,24
2024-07-22,СЗФО,Бронхит,48
2024-07-22,СЗФО,COVID-19,8
2024-07-22,ЮФО,Грипп,28
2024-07-22,ЮФО,ОРВИ,204
2024-07-22,ЮФО,Пневмония,21
2024-07-22,ЮФО,Бронхит,34
2024-07-22,ЮФО,COVID-19,10
2024-07-22,ПФО,Грипп,32
2024-07-22,ПФО,ОРВИ,211
2024-07-22,ПФО,Пневмония,19
2024-07-22,ПФО,Бронхит,38
2024-07-22,ПФО,COVID-19,13
2024-07-22,УрФО,Грипп,35
2024-07-22,УрФО,ОРВИ,193
2024-07-22,УрФО,Пневмония,26
2024-07-22,УрФО,Бронхит,48
2024-07-22,УрФО,COVID-19,11
2024-07-29,ЦФО,Грипп,28
2024-07-29,ЦФО,ОРВИ,186
2024-07-29,ЦФО,Пневмония,13
2024-07-29,ЦФО,Бронхит,48
2024-07-29,ЦФО,COVID-19,12
2024-07-29,СЗФО,Грипп,34
2024-07-29,СЗФО,ОРВИ,213
2024-07-29,СЗФО,Пневмония,18
2024-07-29,СЗФО,Бронхит,46
2024-07-29,СЗФО,COVID-19,11
2024-07-29,ЮФО,Грипп,29
2024-07-29,ЮФО,ОРВИ,213
2024-07-29,ЮФО,Пневмония,16
2024-07-29,ЮФО,Бронхит,44
2024-07-29,ЮФО,COVID-19,12
2024-07-29,ПФО,Грипп,22
2024-07-29,ПФО,ОРВИ,198
2024-07-29,ПФО,Пневмония,19
2024-07-29,ПФО,Бронхит,41
2024-07-29,ПФО,COVID-19,16
2024-07-29,УрФО,Грипп,30
2024-07-29,УрФО,ОРВИ,204
2024-07-29,УрФО,Пневмония,24
2024-07-29,УрФО,Бронхит,35
2024-07-29,УрФО,COVID-19,8
2024-08-05,ЦФО,Грипп,35
2024-08-05,ЦФО,ОРВИ,191
2024-08-05,ЦФО,Пневмония,20
2024-08-05,ЦФО,Бронхит,41
2024-08-05,ЦФО,COVID-19,10
2024-08-05,СЗФО,Грипп,28
2024-08-05,СЗФО,ОРВИ,189
2024-08-05,СЗФО,Пневмония,24
2024-08-05,СЗФО,Бронхит,46
2024-08-05,СЗФО,COVID-19,13
2024-08-05,ЮФО,Грипп,31
2024-08-05,ЮФО,ОРВИ,222
2024-08-05,ЮФО,Пневмония,13
2024-08-05,ЮФО,Бронхит,37
2024-08-05,ЮФО,COVID-19,7
2024-08-05,ПФО,Грипп,30
2024-08-05,ПФО,ОРВИ,226
2024-08-05,ПФО,Пневмония,24
2024-08-05,ПФО,Бронхит,45
2024-08-05,ПФО,COVID-19,13
2024-08-05,УрФО,Грипп,27
2024-08-05,УрФО,ОРВИ,209
2024-08-05,УрФО,Пневмония,24
2024-08-05,УрФО,Бронхит,40
2024-08-05,УрФО,COVID-19,5
2024-08-12,ЦФО,Грипп,27
2024-08-12,ЦФО,ОРВИ,188
2024-08-12,ЦФО,Пневмония,20
2024-08-12,ЦФО,Бронхит,54
2024-08-12,ЦФО,COVID-19,11
2024-08-12,СЗФО,Грипп,28
2024-08-12,СЗФО,ОРВИ,192
2024-08-12,СЗФО,Пневмония,16
2024-08-12,СЗФО,Бронхит,28
2024-08-12,СЗФО,COVID-19,12
2024-08-12,ЮФО,Грипп,22
2024-08-12,ЮФО,ОРВИ,197
2024-08-12,ЮФО,Пневмония,16
2024-08-12,ЮФО,Бронхит,39
2024-08-12,ЮФО,COVID-19,14
2024-08-12,ПФО,Грипп,41
2024-08-12,ПФО,ОРВИ,194
2024-08-12,ПФО,Пневмония,15
2024-08-12,ПФО,Бронхит,30
2024-08-12,ПФО,COVID-19,13
2024-08-12,УрФО,Грипп,26
2024-08-12,УрФО,ОРВИ,218
2024-08-12,УрФО,Пневмония,20
2024-08-12,УрФО,Бронхит,40
2024-08-12,УрФО,COVID-19,15
2024-08-19,ЦФО,Грипп,26
2024-08-19,ЦФО,ОРВИ,205
2024-08-19,ЦФО,Пневмония,24
2024-08-19,ЦФО,Бронхит,38
2024-08-19,ЦФО,COVID-19,7
2024-08-19,СЗФО,Грипп,28
2024-08-19,СЗФО,ОРВИ,217
2024-08-19,СЗФО,Пневмония,22
2024-08-19,СЗФО,Бронхит,49
2024-08-19,СЗФО,COVID-19,10
2024-08-19,ЮФО,Грипп,29
2024-08-19,ЮФО,ОРВИ,211
2024-08-19,ЮФО,Пневмония,18
2024-08-19,ЮФО,Бронхит,42
2024-08-19,ЮФО,COVID-19,15
2024-08-19,ПФО,Грипп,34
2024-08-19,ПФО,ОРВИ,199
2024-08-19,ПФО,Пневмония,15
2024-08-19,ПФО,Бронхит,62
2024-08-19,ПФО,COVID-19,5
2024-08-19,УрФО,Грипп,29
2024-08-19,УрФО,ОРВИ,192
2024-08-19,УрФО,Пневмония,16
2024-08-19,УрФО,Бронхит,35
2024-08-19,УрФО,COVID-19,13
2024-08-26,ЦФО,Грипп,26
2024-08-26,ЦФО,ОРВИ,235
2024-08-26,ЦФО,Пневмония,26
2024-08-26,ЦФО,Бронхит,42
2024-08-26,ЦФО,COVID-19,9
2024-08-26,СЗФО,Грипп,35
2024-08-26,СЗФО,ОРВИ,203
2024-08-26,СЗФО,Пневмония,25
2024-08-26,СЗФО,Бронхит,42
2024-08-26,СЗФО,COVID-19,5
2024-08-26,ЮФО,Грипп,31
2024-08-26,ЮФО,ОРВИ,174
2024-08-26,ЮФО,Пневмония,25
2024-08-26,ЮФО,Бронхит,39
2024-08-26,ЮФО,COVID-19,7
2024-08-26,ПФО,Грипп,37
2024-08-26,ПФО,ОРВИ,218
2024-08-26,ПФО,Пневмония,16
2024-08-26,ПФО,Бронхит,46
2024-08-26,ПФО,COVID-19,13
2024-08-26,УрФО,Грипп,26
2024-08-26,УрФО,ОРВИ,204
2024-08-26,УрФО,Пневмония,13
2024-08-26,УрФО,Бронхит,46
2024-08-26,УрФО,COVID-19,7
2024-09-02,ЦФО,Грипп,26
2024-09-02,ЦФО,ОРВИ,175
2024-09-02,ЦФО,Пневмония,21
2024-09-02,ЦФО,Бронхит,45
2024-09-02,ЦФО,COVID-19,14
2024-09-02,СЗФО,Грипп,40
2024-09-02,СЗФО,ОРВИ,208
2024-09-02,СЗФО,Пневмония,15
2024-09-02,СЗФО,Бронхит,41
2024-09-02,СЗФО,COVID-19,17
2024-09-02,ЮФО,Грипп,30
2024-09-02,ЮФО,ОРВИ,233
2024-09-02,ЮФО,Пневмония,20
2024-09-02,ЮФО,Бронхит,56
2024-09-02,ЮФО,COVID-19,16
2024-09-02,ПФО,Грипп,39
2024-09-02,ПФО,ОРВИ,204
2024-09-02,ПФО,Пневмония,19
2024-09-02,ПФО,Бронхит,47
2024-09-02,ПФО,COVID-19,10
2024-09-02,УрФО,Грипп,37
2024-09-02,УрФО,ОРВИ,198
2024-09-02,УрФО,Пневмония,22
2024-09-02,УрФО,Бронхит,41
2024-09-02,УрФО,COVID-19,10
2024-09-09,ЦФО,Грипп,33
2024-09-09,ЦФО,ОРВИ,191
2024-09-09,ЦФО,Пневмония,22
2024-09-09,ЦФО,Бронхит,45
2024-09-09,ЦФО,COVID-19,6
2024-09-09,СЗФО,Грипп,38
2024-09-09,СЗФО,ОРВИ,204
2024-09-09,СЗФО,Пневмония,16
2024-09-09,СЗФО,Бронхит,32
2024-09-09,СЗФО,COVID-19,7
2024-09-09,ЮФО,Грипп,33
2024-09-09,ЮФО,ОРВИ,190
2024-09-09,ЮФО,Пневмония,15
2024-09-09,ЮФО,Бронхит,39
2024-09-09,ЮФО,COVID-19,11
2024-09-09,ПФО,Грипп,30
2024-09-09,ПФО,ОРВИ,178
2024-09-09,ПФО,Пневмония,19
2024-09-09,ПФО,Бронхит,33
2024-09-09,ПФО,COVID-19,13
2024-09-09,УрФО,Грипп,27
2024-09-09,УрФО,ОРВИ,198
2024-09-09,УрФО,Пневмония,12
2024-09-09,УрФО,Бронхит,36
2024-09-09,УрФО,COVID-19,18
2024-09-16,ЦФО,Грипп,34
2024-09-16,ЦФО,ОРВИ,218
2024-09-16,ЦФО,Пневмония,18
2024-09-16,ЦФО,Бронхит,50
2024-09-16,ЦФО,COVID-19,10
2024-09-16,СЗФО,Грипп,34
2024-09-16,СЗФО,ОРВИ,187
2024-09-16,СЗФО,Пневмония,21
2024-09-16,СЗФО,Бронхит,38
2024-09-16,СЗФО,COVID-19,8
2024-09-16,ЮФО,Грипп,34
2024-09-16,ЮФО,ОРВИ,212
2024-09-16,ЮФО,Пневмония,15
2024-09-16,ЮФО,Бронхит,41
2024-09-16,ЮФО,COVID-19,6
2024-09-16,ПФО,Грипп,23
2024-09-16,ПФО,ОРВИ,197
2024-09-16,ПФО,Пневмония,19
2024-09-16,ПФО,Бронхит,47
2024-09-16,ПФО,COVID-19,11
2024-09-16,УрФО,Грипп,40
2024-09-16,УрФО,ОРВИ,184
2024-09-16,УрФО,Пневмония,20
2024-09-16,УрФО,Бронхит,39
2024-09-16,УрФО,COVID-19,8
2024-09-23,ЦФО,Грипп,37
2024-09-23,ЦФО,ОРВИ,170
2024-09-23,ЦФО,Пневмония,19
2024-09-23,ЦФО,Бронхит,35
2024-09-23,ЦФО,COVID-19,10
2024-09-23,СЗФО,Грипп,22
2024-09-23,СЗФО,ОРВИ,202
2024-09-23,СЗФО,Пневмония,19
2024-09-23,СЗФО,Бронхит,41
2024-09-23,СЗФО,COVID-19,7
2024-09-23,ЮФО,Грипп,30
2024-09-23,ЮФО,ОРВИ,222
2024-09-23,ЮФО,Пневмония,13
2024-09-23,ЮФО,Бронхит,28
2024-09-23,ЮФО,COVID-19,9
2024-09-23,ПФО,Грипп,30
2024-09-23,ПФО,ОРВИ,208
2024-09-23,ПФО,Пневмония,25
2024-09-23,ПФО,Бронхит,46
2024-09-23,ПФО,COVID-19,11
2024-09-23,УрФО,Грипп,31
2024-09-23,УрФО,ОРВИ,195
2024-09-23,УрФО,Пневмония,23
2024-09-23,УрФО,Бронхит,39
2024-09-23,УрФО,COVID-19,11
2024-09-30,ЦФО,Грипп,40
2024-09-30,ЦФО,ОРВИ,190
2024-09-30,ЦФО,Пневмония,24
2024-09-30,ЦФО,Бронхит,33
2024-09-30,ЦФО,COVID-19,10
2024-09-30,СЗФО,Грипп,39
2024-09-30,СЗФО,ОРВИ,216
2024-09-30,СЗФО,Пневмония,17
2024-09-30,СЗФО,Бронхит,40
2024-09-30,СЗФО,COVID-19,10
2024-09-30,ЮФО,Грипп,33
2024-09-30,ЮФО,ОРВИ,230
2024-09-30,ЮФО,Пневмония,33
2024-09-30,ЮФО,Бронхит,41
2024-09-30,ЮФО,COVID-19,11
2024-09-30,ПФО,Грипп,31
2024-09-30,ПФО,ОРВИ,169
2024-09-30,ПФО,Пневмония,24
2024-09-30,ПФО,Бронхит,26
2024-09-30,ПФО,COVID-19,10
2024-09-30,УрФО,Грипп,22
2024-09-30,УрФО,ОРВИ,201
2024-09-30,УрФО,Пневмония,25
2024-09-30,УрФО,Бронхит,30
2024-09-30,УрФО,COVID-19,9
2024-10-07,ЦФО,Грипп,30
2024-10-07,ЦФО,ОРВИ,215
2024-10-07,ЦФО,Пневмония,16
2024-10-07,ЦФО,Бронхит,38
2024-10-07,ЦФО,COVID-19,9
2024-10-07,СЗФО,Грипп,27
2024-10-07,СЗФО,ОРВИ,196
2024-10-07,СЗФО,Пневмония,21
2024-10-07,СЗФО,Бронхит,36
2024-10-07,СЗФО,COVID-19,10
2024-10-07,ЮФО,Грипп,43
2024-10-07,ЮФО,ОРВИ,191
2024-10-07,ЮФО,Пневмония,14
2024-10-07,ЮФО,Бронхит,31
2024-10-07,ЮФО,COVID-19,8
2024-10-07,ПФО,Грипп,27
2024-10-07,ПФО,ОРВИ,214
2024-10-07,ПФО,Пневмония,21
2024-10-07,ПФО,Бронхит,42
2024-10-07,ПФО,COVID-19,9
2024-10-07,УрФО,Грипп,35
2024-10-07,УрФО,ОРВИ,204
2024-10-07,УрФО,Пневмония,14
2024-10-07,УрФО,Бронхит,31
2024-10-07,УрФО,COVID-19,9
2024-10-14,ЦФО,Грипп,48
2024-10-14,ЦФО,ОРВИ,204
2024-10-14,ЦФО,Пневмония,15
2024-10-14,ЦФО,Бронхит,29
2024-10-14,ЦФО,COVID-19,13
2024-10-14,СЗФО,Грипп,30
2024-10-14,СЗФО,ОРВИ,196
2024-10-14,СЗФО,Пневмония,21
2024-10-14,СЗФО,Бронхит,28
2024-10-14,СЗФО,COVID-19,9
2024-10-14,ЮФО,Грипп,37
2024-10-14,ЮФО,ОРВИ,203
2024-10-14,ЮФО,Пневмония,14
2024-10-14,ЮФО,Бронхит,33
2024-10-14,ЮФО,COVID-19,10
2024-10-14,ПФО,Грипп,24
2024-10-14,ПФО,ОРВИ,179
2024-10-14,ПФО,Пневмония,17
2024-10-14,ПФО,Бронхит,27
2024-10-14,ПФО,COVID-19,7
2024-10-14,УрФО,Грипп,28
2024-10-14,УрФО,ОРВИ,187
2024-10-14,УрФО,Пневмония,18
2024-10-14,УрФО,Бронхит,40
2024-10-14,УрФО,COVID-19,11
2024-10-21,ЦФО,Грипп,31
2024-10-21,ЦФО,ОРВИ,216
2024-10-21,ЦФО,Пневмония,17
2024-10-21,ЦФО,Бронхит,31
2024-10-21,ЦФО,COVID-19,11
2024-10-21,СЗФО,Грипп,29
2024-10-21,СЗФО,ОРВИ,199
2024-10-21,СЗФО,Пневмония,26
2024-10-21,СЗФО,Бронхит,32
2024-10-21,СЗФО,COVID-19,10
2024-10-21,ЮФО,Грипп,28
2024-10-21,ЮФО,ОРВИ,185
2024-10-21,ЮФО,Пневмония,20
2024-10-21,ЮФО,Бронхит,37
2024-10-21,ЮФО,COVID-19,6
2024-10-21,ПФО,Грипп,23
2024-10-21,ПФО,ОРВИ,195
2024-10-21,ПФО,Пневмония,27
2024-10-21,ПФО,Бронхит,40
2024-10-21,ПФО,COVID-19,7
2024-10-21,УрФО,Грипп,28
2024-10-21,УрФО,ОРВИ,215
2024-10-21,УрФО,Пневмония,18
2024-10-21,УрФО,Бронхит,42
2024-10-21,УрФО,COVID-19,9
2024-10-28,ЦФО,Грипп,28
2024-10-28,ЦФО,ОРВИ,204
2024-10-28,ЦФО,Пневмония,16
2024-10-28,ЦФО,Бронхит,28
2024-10-28,ЦФО,COVID-19,12
2024-10-28,СЗФО,Грипп,23
2024-10-28,СЗФО,ОРВИ,188
2024-10-28,СЗФО,Пневмония,19
2024-10-28,СЗФО,Бронхит,33
2024-10-28,СЗФО,COVID-19,12
2024-10-28,ЮФО,Грипп,32
2024-10-28,ЮФО,ОРВИ,199
2024-10-28,ЮФО,Пневмония,21
2024-10-28,ЮФО,Бронхит,37
2024-10-28,ЮФО,COVID-19,11
2024-10-28,ПФО,Грипп,39
2024-10-28,ПФО,ОРВИ,210
2024-10-28,ПФО,Пневмония,15
2024-10-28,ПФО,Бронхит,48
2024-10-28,ПФО,COVID-19,8
2024-10-28,УрФО,Грипп,33
2024-10-28,УрФО,ОРВИ,202
2024-10-28,УрФО,Пневмония,25
2024-10-28,УрФО,Бронхит,40
2024-10-28,УрФО,COVID-19,7
2024-11-04,ЦФО,Грипп,27
2024-11-04,ЦФО,ОРВИ,211
2024-11-04,ЦФО,Пневмония,27
2024-11-04,ЦФО,Бронхит,39
2024-11-04,ЦФО,COVID-19,9
2024-11-04,СЗФО,Грипп,21
2024-11-04,СЗФО,ОРВИ,207
2024-11-04,СЗФО,Пневмония,18
2024-11-04,СЗФО,Бронхит,41
2024-11-04,СЗФО,COVID-19,8
2024-11-04,ЮФО,Грипп,18
2024-11-04,ЮФО,ОРВИ,214
2024-11-04,ЮФО,Пневмония,24
2024-11-04,ЮФО,Бронхит,33
2024-11-04,ЮФО,COVID-19,11
2024-11-04,ПФО,Грипп,31
2024-11-04,ПФО,ОРВИ,180
2024-11-04,ПФО,Пневмония,18
2024-11-04,ПФО,Бронхит,52
2024-11-04,ПФО,COVID-19,9
2024-11-04,УрФО,Грипп,31
2024-11-04,УрФО,ОРВИ,203
2024-11-04,УрФО,Пневмония,21
2024-11-04,УрФО,Бронхит,32
2024-11-04,УрФО,COVID-19,12
2024-11-11,ЦФО,Грипп,31
2024-11-11,ЦФО,ОРВИ,206
2024-11-11,ЦФО,Пневмония,11
2024-11-11,ЦФО,Бронхит,39
2024-11-11,ЦФО,COVID-19,15
2024-11-11,СЗФО,Грипп,23
2024-11-11,СЗФО,ОРВИ,177
2024-11-11,СЗФО,Пневмония,15
2024-11-11,СЗФО,Бронхит,31
2024-11-11,СЗФО,COVID-19,4
2024-11-11,ЮФО,Грипп,30
2024-11-11,ЮФО,ОРВИ,181
2024-11-11,ЮФО,Пневмония,16
2024-11-11,ЮФО,Бронхит,36
2024-11-11,ЮФО,COVID-19,10
2024-11-11,ПФО,Грипп,27
2024-11-11,ПФО,ОРВИ,183
2024-11-11,ПФО,Пневмония,16
2024-11-11,ПФО,Бронхит,34
2024-11-11,ПФО,COVID-19,13
2024-11-11,УрФО,Грипп,24
2024-11-11,УрФО,ОРВИ,183
2024-11-11,УрФО,Пневмония,20
2024-11-11,УрФО,Бронхит,41
2024-11-11,УрФО,COVID-19,6
2024-11-18,ЦФО,Грипп,35
2024-11-18,ЦФО,ОРВИ,201
2024-11-18,ЦФО,Пневмония,20
2024-11-18,ЦФО,Бронхит,37
2024-11-18,ЦФО,COVID-19,8
2024-11-18,СЗФО,Грипп,25
2024-11-18,СЗФО,ОРВИ,198
2024-11-18,СЗФО,Пневмония,18
2024-11-18,СЗФО,Бронхит,51
2024-11-18,СЗФО,COVID-19,14
2024-11-18,ЮФО,Грипп,50
2024-11-18,ЮФО,ОРВИ,207
2024-11-18,ЮФО,Пневмония,21
2024-11-18,ЮФО,Бронхит,33
2024-11-18,ЮФО,COVID-19,11
2024-11-18,ПФО,Грипп,22
2024-11-18,ПФО,ОРВИ,225
2024-11-18,ПФО,Пневмония,19
2024-11-18,ПФО,Бронхит,45
2024-11-18,ПФО,COVID-19,7
2024-11-18,УрФО,Грипп,36
2024-11-18,УрФО,ОРВИ,204
2024-11-18,УрФО,Пневмония,17
2024-11-18,УрФО,Бронхит,56
2024-11-18,УрФО,COVID-19,7
2024-11-25,ЦФО,Грипп,22
2024-11-25,ЦФО,ОРВИ,198
2024-11-25,ЦФО,Пневмония,14
2024-11-25,ЦФО,Бронхит,42
2024-11-25,ЦФО,COVID-19,13
2024-11-25,СЗФО,Грипп,25
2024-11-25,СЗФО,ОРВИ,197
2024-11-25,СЗФО,Пневмония,13
2024-11-25,СЗФО,Бронхит,51
2024-11-25,СЗФО,COVID-19,11
2024-11-25,ЮФО,Грипп,34
2024-11-25,ЮФО,ОРВИ,182
2024-11-25,ЮФО,Пневмония,18
2024-11-25,ЮФО,Бронхит,33
2024-11-25,ЮФО,COVID-19,10
2024-11-25,ПФО,Грипп,27
2024-11-25,ПФО,ОРВИ,232
2024-11-25,ПФО,Пневмония,27
2024-11-25,ПФО,Бронхит,37
2024-11-25,ПФО,COVID-19,14
2024-11-25,УрФО,Грипп,31
2024-11-25,УрФО,ОРВИ,191
2024-11-25,УрФО,Пневмония,30
2024-11-25,УрФО,Бронхит,38
2024-11-25,УрФО,COVID-19,16
2024-12-02,ЦФО,Грипп,30
2024-12-02,ЦФО,ОРВИ,186
2024-12-02,ЦФО,Пневмония,19
2024-12-02,ЦФО,Бронхит,37
2024-12-02,ЦФО,COVID-19,12
2024-12-02,СЗФО,Грипп,33
2024-12-02,СЗФО,ОРВИ,178
2024-12-02,СЗФО,Пневмония,23
2024-12-02,СЗФО,Бронхит,44
2024-12-02,СЗФО,COVID-19,12
2024-12-02,ЮФО,Грипп,24
2024-12-02,ЮФО,ОРВИ,184
2024-12-02,ЮФО,Пневмония,16
2024-12-02,ЮФО,Бронхит,43
2024-12-02,ЮФО,COVID-19,11
2024-12-02,ПФО,Грипп,34
2024-12-02,ПФО,ОРВИ,200
2024-12-02,ПФО,Пневмония,20
2024-12-02,ПФО,Бронхит,45
2024-12-02,ПФО,COVID-19,4
2024-12-02,УрФО,Грипп,34
2024-12-02,УрФО,ОРВИ,203
2024-12-02,УрФО,Пневмония,21
2024-12-02,УрФО,Бронхит,34
2024-12-02,УрФО,COVID-19,9
2024-12-09,ЦФО,Грипп,23
2024-12-09,ЦФО,ОРВИ,197
2024-12-09,ЦФО,Пневмония,24
2024-12-09,ЦФО,Бронхит,41
2024-12-09,ЦФО,COVID-19,13
2024-12-09,СЗФО,Грипп,26
2024-12-09,СЗФО,ОРВИ,213
2024-12-09,СЗФО,Пневмония,19
2024-12-09,СЗФО,Бронхит,31
2024-12-09,СЗФО,COVID-19,7
2024-12-09,ЮФО,Грипп,23
2024-12-09,ЮФО,ОРВИ,221
2024-12-09,ЮФО,Пневмония,19
2024-12-09,ЮФО,Бронхит,37
2024-12-09,ЮФО,COVID-19,10
2024-12-09,ПФО,Грипп,41
2024-12-09,ПФО,ОРВИ,216
2024-12-09,ПФО,Пневмония,19
2024-12-09,ПФО,Бронхит,48
2024-12-09,ПФО,COVID-19,10
2024-12-09,УрФО,Грипп,27
2024-12-09,УрФО,ОРВИ,206
2024-12-09,УрФО,Пневмония,22
2024-12-09,УрФО,Бронхит,43
2024-12-09,УрФО,COVID-19,9
2024-12-16,ЦФО,Грипп,35
2024-12-16,ЦФО,ОРВИ,170
2024-12-16,ЦФО,Пневмония,13
2024-12-16,ЦФО,Бронхит,38
2024-12-16,ЦФО,COVID-19,10
2024-12-16,СЗФО,Грипп,29
2024-12-16,СЗФО,ОРВИ,196
2024-12-16,СЗФО,Пневмония,29
2024-12-16,СЗФО,Бронхит,41
2024-12-16,СЗФО,COVID-19,8
2024-12-16,ЮФО,Грипп,33
2024-12-16,ЮФО,ОРВИ,218
2024-12-16,ЮФО,Пневмония,16
2024-12-16,ЮФО,Бронхит,38
2024-12-16,ЮФО,COVID-19,6
2024-12-16,ПФО,Грипп,20
2024-12-16,ПФО,ОРВИ,189
2024-12-16,ПФО,Пневмония,21
2024-12-16,ПФО,Бронхит,34
2024-12-16,ПФО,COVID-19,8
2024-12-16,УрФО,Грипп,38
2024-12-16,УрФО,ОРВИ,182
2024-12-16,УрФО,Пневмония,23
2024-12-16,УрФО,Бронхит,40
2024-12-16,УрФО,COVID-19,9
2024-12-23,ЦФО,Грипп,35
2024-12-23,ЦФО,ОРВИ,198
2024-12-23,ЦФО,Пневмония,17
2024-12-23,ЦФО,Бронхит,49
2024-12-23,ЦФО,COVID-19,10
2024-12-23,СЗФО,Грипп,24
2024-12-23,СЗФО,ОРВИ,188
2024-12-23,СЗФО,Пневмония,22
2024-12-23,СЗФО,Бронхит,44
2024-12-23,СЗФО,COVID-19,8
2024-12-23,ЮФО,Грипп,31
2024-12-23,ЮФО,ОРВИ,213
2024-12-23,ЮФО,Пневмония,21
2024-12-23,ЮФО,Бронхит,40
2024-12-23,ЮФО,COVID-19,6
2024-12-23,ПФО,Грипп,22
2024-12-23,ПФО,ОРВИ,211
2024-12-23,ПФО,Пневмония,28
2024-12-23,ПФО,Бронхит,47
2024-12-23,ПФО,COVID-19,4
2024-12-23,УрФО,Грипп,31
2024-12-23,УрФО,ОРВИ,215
2024-12-23,УрФО,Пневмония,11
2024-12-23,УрФО,Бронхит,51
2024-12-23,УрФО,COVID-19,13
